1165160117	"SWAT4LS"
1192093291	"TRIDENTCOM"
1199066382	"BIOINFORMATICS"
1201746639	"AIS"
2621640373	"EDAPS"
2622088384	"ICMTMA"
2622501483	"iWAT"
2623061857	"IMFEDK"
2755564649	"EBCCSP"
2755777083	"DSP"
2755805862	"B-HCI"
2756335957	"EEM"
2756510695	"NESEA"
2757735947	"SIMPLEX"
2898401412	"SCCTSA"
2898563872	"SPL"
1119484956	"SAB"
1124356716	"CMSB"
1198654179	"BMVC"
2624055407	"IIT"
2754378120	"ICSR"
2755198219	"ASQED"
2756137309	"BEAMS"
2756316134	"PSC"
2758358459	"AAIP"
2898185037	"ICCR"
1128819360	"RR"
1131091954	"CiE"
1142011064	"ICAD"
1142809651	"FSR"
1146437905	"EUROCAST"
1171527391	"ISDA"
1177288818	"CSE"
2622964579	"ICTON"
2753945848	"ADEHMS"
2754253602	"Experiment"
2754428651	"DCS"
2754537352	"RIAO"
2754723884	"ICIS"
2755073670	"LO"
2755610872	"ISP"
2756353761	"SCTAC"
2757911374	"GSD"
2758125784	"PASSAT"
2759390434	"TextGraphs"
2760183467	"ASPAAI"
2898186214	"AAERS"
2898207581	"ICoDIS"
2898326963	"ICCSAM"
1163163559	"ICIP"
1182750626	"AIRS"
2754001383	"ICIMSA"
2754306351	"HAIAP"
2754342648	"MCMSE"
2754360969	"NAVITEC"
2755279793	"MAS"
2755443121	"MACE"
2757016865	"ODBIS"
2898213939	"NeLC"
2898232070	"Hot Chips"
2898273418	"SaMBa"
1133508372	"LATIN"
1136617647	"AIAI"
1140174619	"WKDD"
1150269835	"JTRES"
1185630141	"CSIE"
1195635621	"WoLLIC"
2622105362	"ICCP"
2754010095	"DeLFI"
2754477225	"ICDeCom"
2754846123	"INSS"
2754881410	"ReTIS"
2755852590	"UT"
2756032960	"ICSET"
2756736737	"DSMML"
2757194849	"EETN"
2758640569	"icSPORTS"
2759725227	"DCNET"
2898556758	"ICAST"
2898566932	"ICGDA"
1147832778	"CLADE"
1158801738	"PGM"
1162521816	"MSR"
1180646617	"LID"
1191172908	"AMAST"
2754059319	"CGIV"
2754135502	"SISIDE"
2754446120	"ANNES"
2756098343	"PCITC"
2759925731	"LESS"
2898111911	"ISSEP"
1154039276	"ESA"
1166235906	"CBMS"
1168671587	"AAMAS"
1177537908	"MLDM"
1178880552	"IWAAL"
1183637428	"PSB"
1198399583	"TGC"
2621925306	"CIMSA"
2623151190	"Healthcom"
2624178097	"ISCE"
2626326608	"CF"
2727682610	"BDCloud"
2754068770	"IREC"
2754141368	"ICLP"
2754836383	"EDBT-ICDT"
2755052031	"IFELC"
2755467670	"KBEI"
2755870440	"SPGS"
2756241335	"BTW"
2758023765	"IWSC"
2758636182	"miproBIS"
2898199461	"ICBI"
1131672992	"LCTES"
1140961231	"IIS"
1144277514	"IMECS"
1185773761	"DCC"
2623493804	"ICDCSW"
2625971837	"BuildSys"
2754374854	"S3S"
2754527366	"BIR"
2754742224	"Israel"
2754955730	"EEE"
2756230929	"ISACI"
2756313868	"NN"
2756401274	"COIN-NGNCON"
2757777968	"BTE"
2757832149	"LBM"
2757896810	"BDSE"
2759033409	"INOC"
2898119284	"CAT"
2898271967	"TTRAEurope"
1131300907	"SBCCI"
1176326080	"OSS"
1179702818	"AMT"
2537594308	"SECURITY"
2623592691	"PECI"
2736004929	"JCSSE"
2736046303	"ISSSTA"
2754127509	"ITMC"
2754217282	"INGN"
2754376901	"ICPEC"
2754767283	"CCPR"
2754905290	"INMMC"
2755255298	"PSAN"
2755652246	"ICITAB"
2756065896	"ISET"
2756998668	"BPMDS"
2757305654	"ACM-L"
2758634423	"SNAKDD"
2759815964	"MBDS"
2760248163	"HCIEd"
2898150659	"RoboCup Workshop"
2898296554	"CSS"
2898545746	"ICSIM"
2942832808	"AKBC"
1129450674	"EvoBIO"
1129724978	"SEMCCO"
1144674403	"ISMIR"
1164203406	"WADT"
1170525533	"SERA"
1183478919	"ICDM"
1196883058	"PDSW"
2736010911	"APACE"
2754457197	"EFTF"
2754589071	"CSCIT"
2755214297	"BCTM"
2755460317	"ICNI"
2755549812	"ICCSIT"
2755701141	"ICCDCS"
2755825106	"DCMA"
2755883048	"IST"
2755936140	"TAEE"
2755980765	"IPDPSW"
2756414524	"RFM"
2756714439	"CNL"
2760794530	"HotMiddlebox"
2898575290	"CCGRID"
1127267470	"eTELEMED"
1140917629	"WASA"
1142762373	"ICSDM"
1143423991	"COCOA"
1171745684	"DIS"
1180338098	"ECSA"
2606469623	"SC"
2621553703	"EuMC"
2622029738	"ICCE"
2625165767	"VANET"
2625859420	"WETSoM"
2754124891	"UPCON"
2754172319	"URSI GASS"
2754262276	"ESARS"
2754404193	"ILAKC"
2754680936	"APMPPI"
2754760598	"SIBCON"
2756059627	"IWAENC"
2756302420	"ISUC"
2756396667	"IWSOC"
2759159208	"GreenCom"
2898097780	"PoSS-RT"
2898361526	"DL"
1130524533	"IVCNZ"
1136755600	"FPGA"
1148878455	"BIS"
1160211978	"ACNS"
1161412788	"ICFHR"
1168669760	"WFLP"
1183580825	"ICONIP"
1192710661	"MSWiM"
2623135487	"CIDU"
2624217010	"IRMMW-THz"
2627017190	"ICEGOV"
2754278388	"ICED"
2755585586	"ECCE"
2755684428	"RASI"
2756138763	"ECAI"
2756537883	"TRIOS"
2757377769	"WHM"
2757915777	"EMBS"
2757925143	"AC"
2758512898	"WCPS"
2898391010	"ICMMM"
1134880735	"ENC"
1152595915	"Infoscale"
1181892187	"WWIC"
2622668024	"SmartGridComm"
2625027540	"HAI"
2734539333	"SCVT"
2754076204	"FNCES"
2755763040	"CW"
2756306689	"ICOS"
1136212596	"GRAPP"
1175548354	"WIDM"
1176077016	"SAMOS"
1178327129	"PAKDD"
1181023599	"CASoN"
1185016349	"AIMS"
1191474766	"FPL"
1201175904	"Ada-Europe"
1203645832	"Autonomics"
2623113813	"EMS"
2623319337	"ESTS"
2626020790	"ETRA"
2627068791	"NDM"
2754347256	"WIMS"
2754643071	"EWPDP"
2754673160	"PDSN"
2754750461	"ICEC"
2754885367	"EIConRus"
2754931281	"NSEC"
2754932198	"IWCSE"
2755226198	"EMP"
2755509239	"VAMR"
2755965242	"ICMO"
2756909668	"IMMM"
2759526785	"RWDSL"
2898244662	"EXPRESS/SOS"
1128547292	"DBSocial"
1133691915	"APCCAS"
1135237122	"MM"
2622168059	"SiRF"
2623379053	"NVMTS"
2624544097	"BIC-TA"
2754133892	"ISIT"
2754429661	"ICIIP"
2754756178	"ICEMPE"
2754923793	"M-NANO"
2755058989	"JCIS"
2755563550	"MECBE"
2755705128	"ICCAT"
2755908901	"CoSeRa"
2758088368	"NSDR"
2758433210	"AMS"
2759923341	"WSS"
2898546849	"ICMM"
1186934258	"NTMS"
2621439068	"IPFA"
2622134253	"ESSDERC"
2624310872	"NAPS"
2624656010	"ICET"
2754675597	"DySPAN"
2755727715	"SCT"
2756250854	"OIP"
2756477910	"ICRTIT"
2898114439	"ACCT"
2898166485	"AAAI-MAKE"
1143886216	"INTENSIVE"
1172379331	"AIED"
2537396833	"ASIST"
2625361550	"ICIMCS"
2625551219	"EASE"
2754161470	"ICEM"
2755265722	"IECBES"
2756104231	"PhotonicsGlobal"
2757393251	"PaIR"
2759214834	"ETP"
1136783206	"ICPADS"
1137552346	"SAS"
1200240976	"DBKDA"
2622340237	"RELAW"
2624615226	"ICTer"
2627043526	"IDC"
2755171650	"NSPS"
2755314191	"ECML"
2755806319	"ICUE"
2756209004	"PS"
2898370293	"OMNeT Summit"
2898391096	"ubimus"
1166230065	"FMCAD"
1180274659	"NDSS"
1181711330	"NMR"
2754357506	"STE"
2755414939	"IESM"
2756858386	"WHAT"
2758099404	"Usenix-stc"
2898206495	"KEG"
2898265312	"ICCSSE"
2898526102	"ICE Cube"
1122418201	"DSD"
1127352206	"PLDI"
1140216390	"ICIS"
1150919317	"MICRO"
1152271581	"CGI"
1162013546	"CCC"
1184048318	"IWSEC"
2625909334	"CODES+ISSS"
2754049124	"ELT"
2754321678	"ICEDEG"
2754729378	"HotStorage"
2754920443	"SFC"
2755509916	"AISP"
2755631541	"ICE"
2755847365	"ScalCom"
2756120078	"ISPD"
2756153282	"EEE"
2756393639	"ICSIP"
2757357463	"HOPL"
2758650831	"ARTEMIS"
2759023276	"LDTA"
2898390727	"CMDM"
2898585391	"CLIMA"
1121493235	"AIMSA"
1136631244	"OPODIS"
1140213147	"EUROCRYPT"
1169008467	"InfoSecCD"
1169806927	"FM"
1188965700	"RECOMB"
1197725624	"SERENE"
1197804595	"BROADNETS"
2621911652	"SMI"
2622815044	"CementCon"
2625190319	"APL"
2625849710	"MobiArch"
2625908621	"C3S2E"
2754603575	"ACBD"
2754637515	"ICSGCE"
2754697138	"EuroHaptics"
2755362109	"ICCCT"
2756396664	"GIS"
2757226066	"SSS"
2757256279	"IESS"
2759827559	"AMS"
1121181248	"BNAIC"
1125490875	"ReCoSoC"
1130053016	"NaBIC"
1154077072	"CONIELECOMP"
1169373553	"ISSPA"
1170695740	"SMC"
2622930878	"MMAR"
2623190570	"ISWPC"
2624946902	"SIGSMALL"
2625105974	"PADD"
2626463979	"WIIAT"
2754187978	"PEEED"
2754710603	"ICSICT"
2754760940	"ISE"
2755191341	"ABLAZE"
2755307621	"InECCE"
2755529264	"MEMS"
2755813646	"ACC"
2757092708	"ISOS"
2898241317	"TNC"
2898430688	"icimece"
1174458453	"ISPEC"
2622163546	"HPCS"
2622250501	"CSEE&T"
2623605732	"ASICON"
2753970348	"IFEEC"
2753990971	"HCC"
2754492142	"ICMC"
2754513596	"ICETET"
2755123489	"FIT"
2755323504	"IconSpace"
2755590033	"PCHP"
2755591691	"CIEC"
2756249232	"TechSym"
2756464993	"HNICEM"
2760749209	"Med2.0"
2898274715	"KSS"
2898561999	"WSCE"
1179814642	"IWOMP"
2624387484	"AMPS"
2625712539	"AGERE"
2734428011	"IWAGPR"
2754917662	"IEDMS"
2755267605	"IEEE-CS"
2755402677	"CHSE"
2755820735	"ISNCC"
2756487522	"EMMSAD"
2757548706	"ECDM"
2757979746	"BICS"
2758535835	"CARDIOTECHNIX"
2898410669	"ICETC"
2898497608	"ICISS"
1125007497	"WAOA"
1134101006	"ICSC"
1141762878	"BIOSIG"
1163280044	"FQAS"
1169379829	"REFSQ"
1198936338	"CASES"
2624727967	"KoliCalling"
2753967874	"EMTS"
2754019522	"IPMS"
2754420305	"HIVETS"
2754632699	"ALRLIP"
2755250830	"PPID"
2755413012	"ICCCI"
2755424799	"ICSTM"
2756051574	"CODEC"
2760479278	"ANNIIP"
1121344769	"ADHOCNETS"
1123889583	"LoCA"
1156437979	"MOL"
1160032607	"POPL"
1198629739	"AIIDE"
2621869715	"INES"
2625221505	"PMAM"
2626255382	"E2SC"
2754929257	"CFIS"
2755632681	"ICALIP"
2756264349	"GI"
2760724673	"ALA"
2898149043	"ICAMMEN"
2898172403	"SIOT"
2898490516	"ICESC"
1165958984	"CSL"
1171812933	"SASP"
1179671792	"ICSIPA"
1183230087	"ISSCC"
1187230347	"SBBD"
1195800536	"PARCO"
1198780418	"CDC"
2623243338	"ISPCE"
2753949760	"ICNN"
2753952956	"ICCP"
2754167565	"CECT"
2754451680	"Glottometrics"
2754562224	"ICIA"
2754596533	"LFNM"
2754679666	"PEMMSW"
2755582339	"ICMV"
2755747537	"WMNC"
2756328140	"NSS"
2758382744	"FIRE"
2898550382	"ROOTS"
1122308263	"WISA"
1132833691	"ICESS"
1152604843	"ICARIS"
1153556929	"EUROSEC"
1159925514	"PST"
1173972131	"MobiQuitous"
1174915412	"EC"
1187160151	"DSN"
1187420394	"DocEng"
1187726438	"ITNG"
1197179538	"PACCS"
1200891582	"COMMA"
1200979010	"ICAART"
2625777887	"IRTAW"
2626107884	"SCM"
2735158333	"NER"
2754109186	"IACEMPE"
2754387498	"IITSI"
2754470935	"IAS"
2754660096	"APCAP"
2754731631	"CSCS"
2755724983	"Eurohaptics"
2755912860	"PEDSTC"
2755945200	"APMRC"
2756114173	"DMCC"
2757634473	"WoMO"
2757784406	"DAMP"
2758028224	"VRIC"
2898127558	"FTSCS"
2898320085	"WIVACE"
2898495809	"ICDSM"
1124125381	"VTS"
1127463865	"AISM"
1130347816	"FPT"
1180161503	"SoCPaR"
2623320220	"INDICON"
2626605953	"ERLANG"
2754301691	"ICEPE"
2754355516	"WoW"
2754697363	"TMGF"
2755860554	"CCC"
2755924430	"ECWT"
2755934618	"CHI"
2756267278	"BigComp"
2756296263	"ICITACEE"
2760214619	"HoloMAS"
2760332667	"FMN"
2898370962	"QuASoQ"
2898554439	"CVGIP"
1195738541	"SASO"
1196868077	"ICCVG"
2622186505	"WEIT"
2754054839	"ICTCK"
2754183309	"ICROM"
2754415389	"OMAC"
2755482459	"SGC"
2755486007	"PDCN"
2756024885	"CME"
2756318837	"DOOD"
2758124996	"SoCC"
2898175722	"ICAARS"
2898251964	"ICVIP"
2898303432	"ISESD"
1121713910	"SWS"
1124713781	"ICWSM"
1160389874	"MobiSec"
1173521070	"WAIM"
1184914352	"AAAI"
1194923781	"MATES"
2621410413	"ICSGRC"
2622693136	"APWC"
2624202484	"ISPCS"
2626628861	"MobileHealth"
2754690216	"ICISA"
2754892586	"IPMM"
2755017206	"IFITA"
2757842872	"WMC"
2898112258	"SNAMI"
2898209340	"SPPPAC"
2898379965	"Social Media"
1119712653	"CAINE"
1127979935	"ARSO"
1144120221	"SoMeT"
1144604942	"NordiCHI"
1157881478	"WIAMIS"
1162660226	"W2GIS"
1185931494	"FedCSIS"
1187862248	"BSB"
2533559355	"GI"
2538156572	"AOMAM"
2623057608	"SPAWC"
2623982781	"PacRim"
2626823052	"DAMP"
2754451753	"MAHN"
2754456056	"SANER"
2754669714	"HiNC"
2755175125	"ICCCD"
2755305800	"VIPC"
2755916190	"NNPS"
2756019746	"CSN"
2756245007	"HVEA"
2757866354	"CIAA"
2758299037	"MMCS"
2758506058	"ISAmI"
2759565471	"SHARK"
2898109197	"ISMM"
2898208945	"ICCSP"
2898587498	"NETs"
1139297330	"APLAS"
1166315290	"UIST"
2537263150	"EC"
2623948813	"ICSPCS"
2735450524	"LANMAN"
2754108113	"PSCE"
2754215482	"IASF"
2754775545	"ISIEA"
2754939982	"WSA"
2754945561	"URSJE"
2755108967	"DASC"
2756222420	"DAPI"
2756369022	"CNT"
2759233208	"IWEI"
2759714381	"WOSS"
2898338971	"ICSMR"
2898357515	"VALP"
2898357625	"EWiLi"
1126579363	"ECMR"
1145950025	"VALUETOOLS"
1173322821	"ISSE"
1175727152	"ISAAC"
2622554062	"ICCST"
2626018664	"SPM"
2735779883	"QELS"
2754027635	"CSCN"
2754873752	"EQEC"
2755158789	"PST-PIC"
2755559408	"ICINS"
2756259377	"SCMI"
2757484200	"MCS"
2758047087	"IWAI"
2758740029	"AI*IA"
2898391823	"WAFR"
1127419992	"INTERACT"
1152478978	"EuroCG"
1174979956	"ECMFA"
2623179781	"BCTM"
2623794690	"EuMIC"
2754170066	"ICCES"
2755247319	"TAAI"
2755330030	"ISET"
2757403054	"SocProS"
2759500638	"WTEC"
2898415601	"ICBDR"
2898451820	"ICODeL"
1165196434	"ICIRA"
1173173816	"FORTE"
1173897633	"PETS"
1179516875	"SCSC"
1190496814	"MIR"
1195359883	"BIODEVICES"
2624118894	"REPC"
2754677391	"DHM"
2754704957	"ICSITech"
2755258409	"PCC"
2756028741	"ICRSETE"
2757030968	"SCAMC"
2759788639	"MOS"
2760746302	"WS-REST"
2898502841	"ICEBI"
1122019578	"BMSD"
1132202845	"ICINCO"
1185392286	"ICISP"
2621802131	"WAC"
2622409475	"ICCCAS"
2624549483	"SENSORS"
2754006793	"ICRR"
2754186610	"EMC"
2754480710	"ICA-ACCA"
2754501115	"ICMETE"
2754723299	"AIPS"
2754725756	"SAC"
2755018909	"ICC"
2755154462	"BodyNets"
2755388398	"MEACS"
2755825865	"SiGeTDM"
2756153871	"ISAM"
2757036473	"PIT"
2759576092	"JFSMA"
1140902380	"MMM-ACNS"
1147218201	"MSE"
1176128511	"MIE"
1180172597	"TPDL"
1193676667	"PervasiveHealth"
1196339157	"ISADS"
1198121106	"RAID"
1201766282	"C5"
2622518571	"ICUFN"
2622983767	"3DUI"
2623921479	"WTS"
2624449468	"MLSP"
2626150945	"BigData Congress"
2754102603	"NCC"
2754356673	"PGC"
2754442425	"ISBMDA"
2754445447	"ICCIA"
2755420708	"ICCS"
2755477862	"CSOC"
2756217952	"FTDCS"
2756467717	"FBIE"
2758535430	"ONISW"
2759193041	"SAGA"
2760383138	"WPA"
2898131225	"RO"
2898447071	"ICGT"
1130873268	"IPMI"
1142642735	"QEST"
2533620957	"METRICS"
2537178404	"IEEE VIS"
2625492134	"PADTAD"
2754241216	"BESC"
2754362210	"ICISE"
2755117030	"ICACDOT"
2755187761	"BPEC"
2756044276	"RWC"
2757208783	"DSMM"
2758038839	"A2CWiC"
2758502524	"GreenCom"
2759110750	"iNEWS"
2760620319	"PLSA"
2898312595	"ICNCC"
1121506370	"NFM"
1128447352	"ISSA"
1134662578	"CLUSTER"
1163264588	"Euro-Par"
2625363221	"WODA"
2625615360	"SEHPCCSE"
2754211491	"ATEE"
2754750494	"CHFPP"
2755026039	"CCIE"
2755130900	"DESTC"
2755327867	"Agro-geoinformatics"
2755705300	"OPEE"
2755896242	"RSTS & CC"
2756772395	"TestCom"
2760555016	"MACOM"
2898091898	"SBE Brussels - BAMB-CIRCPATH"
2898609575	"ICDS"
1137793517	"PAM"
1137850760	"ICCCN"
1172556315	"ICB"
1180629740	"MUM"
1192555206	"ICAIS"
1200029762	"MIG"
1203104074	"A-MOST"
2621606475	"ITC"
2621951043	"HIS"
2754040077	"HAEG"
2754547974	"CPR"
2754781246	"SAC"
2755063170	"CogInfoCom"
2755150869	"ITAE"
2755187858	"DEMPED"
2755278848	"ICPADM"
2755418679	"IPS"
2756052503	"ISAI"
2756222317	"TIC-STH"
2756286454	"FCV"
2756892666	"ISIA"
2757128639	"CloudComp"
2758753921	"EuroISI"
2759602461	"FCTA"
2898440802	"ESIC"
1171022770	"ICMT"
2625536980	"SUI"
2756050579	"eScience"
2756151189	"ICW , ICHSN , ICMCS , SENET"
2756691533	"SemWiki"
2757627729	"PIKM"
2758907296	"IAS"
2759447405	"WOWCS"
1128095430	"SEFM"
1135455702	"TRUST"
1150542554	"TMFCS"
1159538197	"ESEM"
1162243218	"PPAM"
1163725243	"BNCOD"
1199829186	"PROMAS"
2624464780	"BTAS"
2626789869	"ACMSE"
2754633094	"ICoDSE"
2754794370	"MetroAeroSpace"
2755264634	"ICELI"
2755377460	"ISPTS"
2755628779	"PAMP"
2755854633	"TDCEAP"
2760803309	"MCIS"
1120750887	"ICA3PP"
1133200404	"DLS"
2606228224	"FUZZ-IEEE"
2623382786	"SCOReD"
2625235875	"MES"
2754204394	"CITM"
2754469003	"ECGH"
2754605171	"IC"
2755011837	"FECS"
2755228934	"STCMMB"
2755666582	"CCWC"
2759135577	"WRLA"
2898192325	"LSAC"
2898314911	"ICNNN"
2898430447	"ICIET"
1129447984	"CSCWD"
1188739475	"ACL"
1201128503	"ECEG"
2621773577	"ISIC"
2621944303	"COMMAD"
2624723671	"ISABEL"
2754439572	"WMSCI"
2754610831	"MOBIHEALTH"
2755595259	"HAPTICS"
2758514832	"ICSECS"
2758604533	"ICGCET"
2898384670	"CODE"
2898521639	"DSMIE"
2898522498	"Sendikmad"
1135185882	"SOSE"
1141159355	"DoCEIS"
1163343099	"ICUMT"
1180629300	"MASCOTS"
2621730872	"CriMiCo"
2754036353	"MEPSC"
2754194746	"LCT"
2754206675	"IWRMC"
2755169704	"LACC"
2755239828	"ICAECC"
2755249682	"RS"
2756531658	"MobiHealth"
2757148451	"TAROS"
2757320638	"BIOKDD"
2759315770	"ANTS"
2760694600	"CT-RSA"
1121623334	"GREC"
1145183445	"WebMedia"
2623383938	"IEMC"
2754619710	"IASTED-SEA"
2754863150	"UPC"
2754978930	"ICCEEE"
2754982302	"CET"
2755076936	"BCS"
2755207444	"Utilisation"
2755464757	"EEE"
2755509037	"VLSI"
2755870848	"DAGM-PR"
2756111219	"RAECS"
2756173985	"HACIM"
2759899939	"Onward!"
2898249361	"IAMOT"
2898404959	"SEGT"
1123704270	"ISESS"
1160145187	"ACHI"
1178108718	"HRPR"
1188756767	"PRDC"
1191180109	"ICWUS"
2623018513	"CAS"
2625539914	"DigiPro"
2730623837	"CSCloud"
2734517010	"LASCAS"
2754036490	"RHTC"
2754628930	"EET"
2755410616	"SSP"
2755545534	"ISWTA"
2756579718	"eCOMO"
2758283624	"FSE"
2898404022	"AT"
2898568704	"ICSIMAT"
1120281879	"CIT"
1137657189	"CLOUD"
1161805661	"VAST"
1164390529	"COMSNETS"
1171774888	"ICISC"
1176514135	"ER"
2623113034	"Big Data"
2754064019	"SMC-IT"
2754603912	"VRV"
2755340742	"PLOP"
2755388662	"PDeS"
2755741602	"ICECCN"
2756343272	"SSCI"
2757348999	"LOFT"
2898117344	"ES"
2898210115	"ETAA"
2898373119	"ICSP"
2898613838	"DHSS"
1137827009	"ANCS"
1156238179	"SIGDOC"
1167275352	"FORMATS"
1170044729	"CSB"
1173792781	"SCN"
1203873549	"AISC"
2622849096	"ICSTW"
2624205572	"SII"
2754102207	"KST"
2755423165	"ACM-SAC"
2756057523	"WCCS"
2756474477	"3DIMPVT"
2756732320	"HeteroPar"
2757819088	"SWAE"
2898191047	"CoNCISa"
1130965270	"WPES"
1140316807	"ICAL"
1190377140	"TARK"
1191777124	"GMAI"
1195553545	"TLDI"
1203269447	"ICDS"
2621751855	"CICN"
2622026361	"CISTI"
2754007415	"IST"
2754733706	"ISIS"
2755612976	"MIKE"
2756176944	"CCTA"
2898194748	"TACKLE"
2898402000	"MAPR"
2898495889	"nipsmlh"
1134440762	"CADE"
1134467612	"DGCI"
1158934777	"DPPI"
1160432824	"IM"
1164102497	"AccessNets"
1176219363	"IJCAR"
2622308478	"DD"
2623255502	"RIDE"
2624416718	"ICM"
2626138005	"TEI"
2755447920	"CDAN"
2755768477	"IWSM-SPPM"
2756259286	"FTC"
2756331671	"ISBDE"
2758295094	"FTS"
2898311259	"CMW"
1124527938	"RTSS"
1148050328	"IbPRIA"
1161726496	"ICFIE"
1179645356	"BioMED"
1202305278	"ICGT"
2606697348	"ASRU"
2621703292	"ICoAC"
2622155084	"RFIC"
2626264198	"HPG"
2754223137	"ISDSRTA"
2754388341	"MMWCST"
2754435795	"IAEAC"
2754569583	"ECCO"
2754903391	"WSIGIK"
2755210240	"ICOT"
2755938683	"ICNF"
2756013237	"ICIA"
2757547734	"APPROX/RANDOM"
1147683736	"DMO"
1152238068	"BPM"
1156586875	"CLEF"
1160919455	"ICSM"
1166500626	"K-CAP"
1202777053	"GCE"
2622169915	"RTP"
2623109928	"ISSM"
2624888642	"Scala"
2626391755	"ICWET"
2754024197	"PEITS"
2754466656	"CSTIC"
2754969358	"ICENCO"
2755004423	"PES"
2755160330	"ICSES"
2755164327	"MicroCom"
2755571638	"EWAEC"
2756130868	"CAIE"
2756412537	"AICTC"
2760380534	"FOMI"
2898092250	"CNC"
2898166392	"IEA/AIE-"
2898455553	"ICICCT"
2898502383	"IMMS"
1124504716	"SIGCSE"
1162239172	"CC"
1171169701	"DAARC"
1174644639	"ACCV"
2754084270	"AEITIAC"
2754225634	"ITME"
2754508136	"ICAMS"
2754602532	"ICLS"
2754966661	"OCSC"
2754990168	"IWASI"
2755246425	"ISDEA"
2755314340	"ITS"
2756397046	"SBMO-IMC"
2898517641	"UNSA ISCOMM"
2898540018	"ICRISET"
1142458017	"TbiLLC"
1152171191	"ACML"
1170516960	"AISB"
1188071776	"CALCO"
1191009003	"ISSAC"
2622609841	"ICT"
2753976897	"ICPHM"
2754027934	"AITP"
2754377511	"ICVM"
2754827769	"EMI"
2755154647	"IMW"
2755562402	"IMaRC"
2755576832	"BHI"
2755826420	"AH"
2756136685	"KMO"
2756268544	"ASIA"
2759017913	"EOMAS"
2898271516	"tmm_ch"
2898559085	"COSADE"
1128043032	"SoCC"
1143172275	"SLIP"
1146606187	"PERSUASIVE"
1147985475	"CNSM"
1153017583	"ICCABS"
1159310735	"MPC"
1165225649	"CORES"
1173986096	"SG"
1174403976	"ICSE"
1184014513	"EC-Web"
1192201180	"DBPL"
1201788207	"MMSP"
2626333002	"CHI PLAY"
2754758762	"ICMT"
2755205920	"ESFLT"
2756028983	"RTUCON"
2756158045	"PAC"
2756516550	"GPGPU"
2758811364	"WBC"
2898222938	"ICEES"
2898509382	"AiCIS"
1136152680	"CSCL"
1138732554	"OOPSLA"
1139135573	"ALGOSENSORS"
1142621710	"BPSC"
1143732025	"ATC"
1194749864	"FICS"
2621830961	"EPE"
2623360200	"NANOMED"
2625433482	"RACS"
2754859968	"ISDC"
2755053927	"DSDIS"
2755742721	"CESCE"
2758283544	"TLCA"
2760419688	"WDAG"
2760703499	"BUSITAL"
2898270728	"MoNeTec"
2898350994	"ICCPS"
1119649345	"ICCTA"
1131777435	"FOIS"
1169089907	"SCAM"
1171922823	"FCCM"
1173644570	"CISIM"
1190910256	"RTAS"
1203926687	"ICTD"
2622260240	"SPECTS"
2624467333	"IAS"
2624559037	"MWCAS"
2626956293	"ICVGIP"
2734643773	"NAECON"
2754275429	"SPCS"
2754737771	"DISCS"
2754780086	"ISDRS"
2755658758	"SVL"
2755767216	"ICVR"
2756048078	"ICA"
2756389836	"TDCE"
2756459992	"ICC"
2898106123	"SDBE"
2898196984	"CC-NLG"
1119369170	"CEAS"
1135602763	"EDOC"
1168306971	"ACSD"
1184151122	"PODS"
1186793391	"DICTA"
1193787109	"PPSN"
1199802775	"IRFC"
2621494438	"EPTC"
2625527217	"VVS"
2753996948	"CAST"
2754034604	"ISITC"
2754223910	"HST"
2754900136	"ISEIM"
2754903567	"PACMEDTek"
2754953086	"CMCEE"
2755813455	"ISME"
2755965143	"ICIBCA"
2756121310	"CEIT"
2757394605	"TQCCC"
2759361722	"BIR"
2898349943	"NFM"
2898365730	"SSAFR"
2898497626	"ICETCE"
2898540276	"TVETIC"
1126660374	"CIA"
1129324708	"MICCAI"
1135705775	"PDP"
1170602061	"LCC"
1202196847	"MoMM"
2622942165	"3DTV-CON"
2624595023	"IUCS"
2625298891	"CODASPY"
2626232658	"EDTC"
2734811052	"CIEP"
2754155910	"BRACIS"
2754213367	"LDAV"
2754396201	"WMTE"
2754486978	"CSIP"
2754711876	"USNC-URSI NRSM"
2754982483	"WebNet"
2755784833	"ICCE"
2755802213	"Southcon"
2756078948	"CMI"
2756269007	"IECEC"
2757049256	"ISoLA"
2757309216	"HotPower"
2898094847	"SPE"
1156138999	"IHCI"
1156338668	"DSDE"
1178330879	"DATE"
1178744818	"DALT"
2624016942	"AP2PS"
2625490661	"SNAPI"
2754232956	"CNMT"
2754607910	"SSAP"
2755841608	"MOC"
2757487807	"AMIA"
2898335746	"IEEE-EI-"
1144830660	"PRIMA"
1163887669	"NLG"
1186529236	"ADC"
1190386347	"ISECS"
1199825717	"SACI"
2625302465	"ACE"
2625723899	"SIGSIM PADS"
2627083670	"TrustED"
2754014226	"IntelliSys"
2754081622	"ARPI"
2754521209	"ASME-RC"
2754682739	"SIBCONVERS"
2754880248	"ADIWT"
2755905592	"IET-WSS"
2755912504	"PSCC"
2756106411	"ERAMC"
2756765408	"PSDML"
2898172665	"ICIMA"
2898545060	"kdbc"
1119602113	"WABI"
1134599651	"IPOM"
1142153833	"EuroGP"
1170221290	"IUI"
1181770344	"INTETAIN"
1188440540	"SocInfo"
2623353952	"IVEC"
2625581541	"EW"
2626906970	"FARM"
2754573637	"CSQRRSWTC"
2754784299	"DSAA"
2754818913	"CGNCC"
2755206027	"ULIS"
2755300848	"Berkeley"
2755381670	"HCCLE"
2755866171	"CICCS"
2756052233	"EEE"
2756806891	"TQC"
2760167681	"MPAC"
2898129649	"LP"
2898257632	"ICTVC"
1121553062	"GPCE"
1127078782	"ETS"
1158609840	"DUX"
1159075210	"AsiaSim"
1202990997	"WOSP"
2622034370	"RAMS"
2622842568	"ICMTS"
2623089141	"ICICDT"
2623976533	"IWCE"
2754105263	"Web3D"
2755031346	"PPC"
2755145214	"VNIS"
2755369491	"SmartCity"
2756073783	"ICMM"
2756075054	"ICS"
2756249676	"ITIS"
2757217015	"STC"
2758756430	"VISS"
2759915321	"ISARCS"
2760496867	"LAGOS"
2898292078	"LIDTA"
2898410546	"CONACIC"
1157631723	"MOBIWAC"
1161701531	"WiMob"
1168747060	"PASCO"
1175198016	"Humanoids"
1200067787	"WI"
2622465710	"Holm"
2624605703	"MILCOM"
2625429767	"IOPADS"
2625784626	"SDE"
2626823945	"SPSM"
2754506889	"PIC"
2755951145	"ARSC"
2756299769	"EVER"
2756309959	"ICSR"
2757138900	"FinanceCom"
2898154512	"SALC"
2898313343	"AINL"
2898328132	"CoNSALL"
1124547647	"CPAIOR"
1131590914	"ICMI"
1132290396	"ICICIC"
1154006786	"SUTC"
1158636154	"ONDM"
1159443246	"NOCS"
1178942644	"PARELEC"
1189274801	"FSMNLP"
1193534515	"CSEDU"
2622016990	"ICVES"
2622149892	"INFOCOM WKSHPS"
2624790877	"ADKDD"
2625874324	"VINCI"
2754215871	"BIM"
2754720008	"IPEC"
2754722864	"CYBER"
2754901008	"ICFCC"
2755063552	"ISET"
2755239779	"SmartGreens"
2755655972	"IMVSP"
2755825154	"METAMATERIALS"
2755840060	"iWEM"
2756058035	"ISAI"
2759906026	"ETAPS"
2898376044	"AI"
1122896333	"CIRA"
1144185841	"BWCCA"
1180504816	"PPDP"
2622615189	"ECTC"
2624469430	"ICSSSM"
2624688297	"e-Science"
2626864766	"FOAL"
2754124166	"ICHI"
2755164381	"AXMEDIS"
2755352951	"NPSC"
2755459548	"WIECON-ECE"
2756174349	"FCMUC"
2756240899	"LARS-CCAC"
2756313409	"CMC"
2756323077	"MESA"
2756434558	"EHWOC"
2757373485	"CSNDSP"
2757408007	"SEAMS"
2757568571	"IPCAT"
2758613574	"MCSA"
2758760200	"IJCCI"
2759123102	"XP"
2760006162	"IWRP"
2898389284	"ICAASE"
2898532340	"PUBMET"
2898536587	"SiEP"
1121935577	"MTSR"
1149039622	"ECIS"
1152543101	"SARA"
1160240792	"ICARA"
1173770489	"SEKE"
1195960517	"ICMS"
2621451516	"OFC"
2624056127	"ICCT"
2754196966	"OPTIM"
2754292954	"IMCL"
2754401158	"PCI"
2755117698	"ICIIECS"
2755706624	"VDVT"
2756038177	"SRIIGC"
2757438667	"ANALCO"
2759875671	"ProCoS"
2898396277	"ICHC"
2898483690	"ICRAI"
1124055115	"EIT"
1137413041	"FLOPS"
1151004938	"ISCID"
1155500043	"MVA"
1180971429	"SAINT"
1184001023	"CASCON"
2621820387	"ESW"
2621821323	"SERVICES"
2623583991	"VLSIT"
2735564925	"SICE"
2753964684	"ICGCC"
2754145061	"ECLAI"
2754344063	"ANEET"
2754970009	"MCMC"
2755051158	"RadarCon"
2755084872	"RMR"
2755136149	"ACACOS"
2755858608	"MMA"
2898220272	"NCCI"
1147409521	"BIONETICS"
1163542891	"EDCC"
1180700458	"EPIA"
1190918978	"MRC"
1195969780	"CTS"
1200006883	"ILP"
1200099006	"ICSEA"
2622932236	"MWSCAS"
2626904709	"WMC"
2754188138	"ACCE"
2754348730	"Treffen"
2754579218	"iCATccT"
2754780913	"CHINACOM"
2755246151	"SCP"
2755616136	"GPR"
2755873345	"IASTED-SE"
2756479808	"CNSIE"
2756720682	"HPW"
2757804692	"JCLCS"
2759126290	"LVA/ICA"
2759309592	"AMBI-SYS"
2898327786	"AARES AC"
2898504569	"Asia Euro Conference"
1173393762	"EuroSys"
2624654887	"SPI"
2625263954	"StorageSS"
2625777821	"WESE"
2754184140	"IAS"
2754362256	"Eurographics"
2754629798	"CLEI"
2754941794	"CMS"
2755313291	"ICCIA"
2755952865	"SAI"
2759009781	"NT"
2898483300	"ARTeFACTo"
1120384002	"WSDM"
1157980339	"APGV"
1169820221	"ICHIT"
1197656824	"ISIT"
2621686957	"SAM"
2623877509	"SCCC"
2624994124	"IWST"
2755465126	"AMS"
2756298262	"ISDPE"
2756303323	"IRENC"
2756868253	"CACS"
2757518198	"HCCLE"
2898215259	"ICInPro"
2898479548	"ASC"
1131743930	"WCRE"
1141405744	"GPC"
1144492286	"AIRWeb"
1155137438	"VDAT"
1155638383	"CIG"
1166178324	"NPC"
1175959126	"CRITIS"
1183639848	"XIME-P"
1191904734	"ICCSA"
1198274104	"EATIS"
2754549684	"APCSAR"
2754583030	"APSIPA"
2755554338	"IJSDIR"
2755828165	"ICTST"
2756384364	"NoF"
2756950526	"IRREGULAR"
2898179219	"AKC"
2898513273	"ICMLC"
2898523115	"CoNGA"
1133799274	"CLA"
1153832427	"ICHL"
1167759125	"AST"
1177686597	"PSATS"
1179731308	"CCGRID"
2624136043	"ICEAA"
2754862880	"HealthCom"
2755259708	"IC3INA"
2755658107	"ISEI"
2756113379	"DFNFK"
2757667276	"VHPC"
2760738434	"SBP"
2898186791	"PAAR"
2898259740	"ICRAE"
2898277834	"ICMT"
2898397213	"TAASP"
1141854641	"HPDC"
1164469504	"ICNSC"
1172434390	"INCoS"
1198084607	"APPT"
2735330524	"MMS"
2755202880	"ICDIPC"
2755448605	"ISIP"
2756029465	"ICCGI"
2756077945	"CLP"
2756208209	"ISFE"
2757715968	"LSAP"
2759879684	"GKR"
2760626229	"SWQD"
2898178539	"ICICA"
2898313861	"ICSC"
2898474351	"ICVARS"
1127098075	"CHES"
1131341566	"ISCA"
1131605622	"ICPR"
1150299948	"ITHET"
1160077527	"VSTTE"
1168046211	"ATS"
1168262657	"IRCDL"
1177006722	"MDAI"
2622752829	"WCICA"
2623002688	"DSP"
2625560435	"MEDEA"
2754884427	"ICIMA"
2755159003	"i-USEr"
2755343037	"DPAA"
2755570506	"ICMC"
2755697733	"IWACI"
2755746195	"ICCSNT"
2756254088	"ISGT"
2756411138	"IMC"
2760027391	"HotACI"
1133053243	"HIPS"
1146486009	"CSWWS"
1152105309	"QoMEX"
1156109491	"SSDBM"
1170255607	"ICDSC"
1185621975	"SWAP"
2623691677	"ICSJ"
2736009659	"WMCSA"
2754000795	"INTECH"
2754038487	"WPTC"
2754829220	"SNNAEE"
2755617228	"Energy"
2755618592	"OIC"
2755694318	"MCESA"
2755785453	"LSSC"
2759625703	"UCHPC"
1127224358	"CICSyN"
1134921140	"ISPDC"
1173951661	"NAACL"
1187330200	"AINA"
1193251834	"CIAC"
1199147270	"NOLISP"
2621719857	"AMC"
2622339228	"IRPS"
2623081995	"RadarCon"
2624432221	"MHS"
2625545022	"SoICT"
2626862238	"TEEM"
2724687765	"CoNLL"
2754583800	"ICIEAM"
2754757841	"SCES"
2754869338	"3DV"
2755040890	"CSEE"
2755223244	"WITS"
2755684384	"DMAMH"
2898390019	"ICoSaPS"
1121288832	"RAW"
1125266456	"CIMCA"
1159629202	"ECBS"
1173648842	"IWCF"
1182591887	"SIN"
1189575698	"SITIS"
1190643002	"SPLC"
2623678361	"DTIS"
2734696582	"ICMIC"
2754103154	"CRIS"
2754181096	"OECC"
2754527479	"AHICI"
2755196947	"CoCoNet"
2755849566	"TSSA"
2756018882	"IESS"
2756077815	"ISTAWC"
2757261842	"ACE"
2757444891	"TDS"
2758358856	"DISC"
2758711386	"PDCS"
2759091279	"EVT"
2759452747	"AGILE"
2759792403	"IAIT"
2898085126	"ICSGSC"
2898604198	"MobiSec"
1126616278	"ESANN"
1133495350	"ICDCIT"
1139119189	"HPCNCS"
1141501652	"VMV"
1153467564	"JCKBSE"
1164310870	"DIMEA"
1194858622	"CIBB"
1194992345	"ICPE"
1199437547	"SLATE"
2754635934	"BES"
2754926648	"ESARSP"
2755248651	"ICEEE"
2755424857	"AM-FPD"
2756292204	"ATAE"
2756322438	"CACS"
2760802481	"SPIN"
1136921216	"COCOON"
1136953354	"WAW"
1147639090	"SETP"
1147924868	"ADCS"
1167012292	"ITiCSE"
1185151044	"AI"
2754230892	"WESCANEX"
2754323462	"ICCOC"
2754339667	"EPCP"
2754524611	"PAST"
2754611049	"3DPVT"
2754841109	"IEEEAPS"
2755743082	"ICSAW"
2755851575	"ISGT Europe"
2756150310	"APCIP"
2756339047	"GGTACS"
2756412222	"ESMMS"
2757046586	"COIN"
2898088930	"OGC"
2898313997	"IPAS"
1148579024	"WHC"
1150940485	"MTV"
1153010150	"ICORES"
1165285842	"ICDT"
1169489181	"GeoInfo"
1192791786	"CRiSIS"
2626753082	"TrustCom"
2754031194	"UMAP"
2754326285	"JICIMWICTE"
2754695996	"ITEC"
2754818897	"GCIS"
2754893992	"CinC"
2755020506	"CICC"
2755112673	"ECT"
2755495140	"UUIS"
2755526868	"ICTC"
2755726427	"MREE"
2756025965	"ICROIT"
2756221571	"ICISC"
2758465625	"DCFS"
2898279753	"ICCVBIC"
2898613021	"MC"
1129667634	"CGO"
1151209843	"IVA"
1153474980	"IC3"
1172683839	"CIS"
1197426713	"WITS"
2622411833	"PES"
2622503111	"IMW"
2623575139	"RAST"
2754133605	"ICMEE"
2754221590	"EMES"
2754405028	"UWST"
2755204407	"CAMSAP"
2756788986	"CILC"
2757261128	"MSPC"
2757287758	"CSAW"
2758012180	"CASSIS"
2758618553	"IIIR"
2760553273	"TPCTC"
2898372219	"ICMSET"
1129429480	"RAM"
1165791477	"WCE"
1174653440	"APCCM"
2539178803	"RANDOM"
2626971673	"CFP"
2754706624	"DIP"
2754747906	"ICCSC"
2755158973	"ECMDA"
2755266407	"EQEC"
2755269626	"WCC"
2755296467	"VLSI-MIC"
2755958199	"ASOT"
2756061149	"CAOL"
2756258387	"ICSM"
2756765735	"IHCI"
2758760650	"ITSL"
2759155708	"ICGS3"
2898472618	"ICACM"
2898509894	"JRWRTC"
2898522414	"IAPE"
1131589359	"SIGMETRICS"
1134267857	"SBMF"
1136791909	"LACL"
1171035180	"GSN"
1179703209	"MVHI"
2626590808	"LAK"
2727030889	"BigDataSecurity"
2754620513	"ACE"
2755320226	"IC-NIDC"
2755979774	"ICHVE"
2756270916	"IRSEC"
2758183515	"FSTTCS"
2898240293	"EENVIRO"
2898320911	"SSIP"
2898440704	"TISLR"
2938420075	"ICAEM"
1143948298	"PSIVT"
1159482685	"ALENEX"
1182823045	"ICSNC"
2622695770	"ICDL"
2622841314	"APM"
2625371321	"SBIM"
2626537566	"RAPIDO"
2735662263	"ISPACS"
2735861708	"ICDL"
2754074601	"RAICS"
2754756584	"BIFE"
2754919474	"FIT"
2755464765	"CGRA"
2755598871	"MRWC"
2755732704	"ICRIS"
2755786043	"IAHMAS"
2756209169	"COBEP/SPEC"
2756272718	"Wireless VITAE"
2756351210	"APMS"
2758341742	"Complex"
2760017615	"MVC"
2760067151	"AIPR"
2760139324	"ICOODB"
2760361732	"CFPH"
2898084344	"WOMoCoE"
2898339060	"RTA-CSIT"
2898464543	"BAILAR"
1127759574	"AIME"
1152111034	"WoWMoM"
1164955157	"COOP"
1171876160	"CANS"
1177622950	"COLT"
1180270854	"IWCIA"
2621683974	"FIT"
2621966022	"EESMS"
2736041878	"NEWCAS"
2754165780	"SFMPC"
2754251237	"DigitalHeritage"
2754294205	"IJNGC"
2754308656	"FITME"
2754649669	"IS C"
2754793746	"CISP"
2755138838	"ECIRIEECE"
2755783535	"WAA"
2759125792	"MCSA"
2898178715	"CRC"
1129385027	"ICISS"
1130292186	"SecureComm"
1170686637	"RoboCup"
1178168035	"MLG"
1188521074	"ISM"
2623760588	"MilCIS"
2754219615	"MT-ITS"
2754441789	"ESciNano"
2754737686	"UT-SSC"
2754764071	"SpaceWire"
2755023647	"HIMI"
2755388330	"ECNOC"
2755861240	"AFGR"
2756318696	"MCSI"
2756885533	"WOSN"
2757350157	"WEMPEG"
2757397767	"MIWAI"
2758012628	"SRDSMFC"
2759111440	"ISWSA"
1125063881	"ICFCA"
1171945054	"EUROBOT"
1177469577	"IMIS"
1190350587	"EUROCON"
2232857946	"EMBC"
2622347726	"ICEPT"
2623670289	"VL/HCC"
2624262501	"EAMTA"
2624384794	"AUPEC"
2625337722	"ITS"
2754611867	"LEITS"
2755040779	"CSSS"
2755916645	"ICCVE"
2755945091	"IMVC"
2756130382	"IFCSTA"
2756399193	"ICCSA"
2758253502	"IASV"
2759658424	"CHItaly"
2898153154	"SPPGI"
2898330418	"ICCWCS"
2898461010	"ICCBDC"
1120507025	"FPS"
1138909778	"ISVLSI"
1140550830	"MKWI"
1152051035	"NetCoM"
1170942589	"CAD/Graphics"
1177340799	"IPCC"
1179205117	"ICSI"
1189194555	"FCT"
2706111989	"ICCS"
2734750431	"ICIII"
2754030025	"BigMM"
2754217422	"AUS"
2754387375	"APSI"
2754578982	"EuCNC"
2754879417	"ICAESM"
2754926315	"EMPC"
2754970598	"MTCE"
2755143188	"NGCT"
2755644795	"INDUSCON"
2755692287	"IEEE/PES Summer Meeting"
2758064645	"LPAR"
2898121709	"ANT"
2898488841	"OxGradConf"
1124120142	"Afrigraph"
2623447661	"WORDS"
2623712003	"NEBEC"
2754141657	"ICACACT"
2754344014	"ENERGYCON"
2754389603	"CDCIEM"
2754629382	"ICEIE"
2754995221	"ISIDF"
2755098709	"ISPCA"
2755580289	"SMAP"
2755927266	"IFIP"
2756032919	"ICIP"
2758387012	"e-Forensics"
2759893951	"ANTS"
2898156823	"ICOIESE"
1130809216	"ICGI"
1140082307	"APWeb"
1144695455	"ExaCt"
1176822435	"IWSOS"
2536575242	"FGR"
2622739841	"ICSP"
2624557529	"APEC"
2754050769	"ICETT"
2754938098	"EUROSOI-ULIS"
2755253215	"WEB"
2755418067	"ERUHF"
2755458982	"PAAP"
2756336174	"ICAIC"
2758166122	"IQIS"
2898094016	"EWME"
2898174254	"ICIR"
2898409000	"YLMP"
1124396182	"SETN"
1137423278	"DDECS"
1153494057	"ICTAI"
1200770042	"IVAPP"
2623349764	"AVFOP"
2735057494	"i-Society"
2753953684	"ICCIS"
2754353685	"ICPEICES"
2754747283	"ESSoS"
2755202678	"EICT"
2755903644	"IST"
2759326790	"ICEC"
2898492117	"MES"
1152747473	"ISITA"
1162226489	"EMSOFT"
2735969372	"ICSTCC"
2754902059	"CBDL"
2755120026	"GAICS"
2755385061	"ICACEA"
2755503205	"IC-GET"
2755571008	"IKIMAS"
2755646719	"MSPW"
2756267259	"ACCCT"
2756326730	"IWAT"
2757326677	"CJ"
2758004393	"TextGraphs"
2758682984	"WARP"
2758796935	"CMCN"
2759655097	"EISIC"
2898380984	"TOURMAN"
1143871959	"RANLP"
1151131449	"CSSE"
1187637167	"ACIVS"
1188350336	"GRAPHITE"
1189103230	"CW"
2626077092	"IDtrust"
2755448888	"PSD"
2755890545	"ICPRE"
2759227159	"FTPDS"
2898239583	"CETL-MSOR"
2898561656	"ICEESE"
1130566378	"RCIS"
1146669736	"WCET"
1150832739	"Compute"
1175888098	"IICAI"
1178070762	"STACS"
1194640161	"POST"
2621920664	"A-SSCC"
2625663801	"iiWAS"
2625903401	"SEHC"
2754590749	"FGIT"
2754666132	"RPS"
2754927362	"ICCCA"
2755272137	"ICMU"
2755629108	"DANTE"
2755635504	"ISE"
2755821432	"ICEE"
2898105822	"WSPPD"
2898422073	"FWCG"
2898542355	"SLAAC"
2898601309	"ICPES"
1128202388	"WISE"
1136042413	"CCNC"
1143160721	"COMPSAC"
1143764040	"IDAACS"
1156300831	"DATA"
1164963593	"LREC"
1176895911	"ICAISC"
2626205625	"FMSP"
2735374193	"WiSNet"
2735753530	"MALWARE"
2754478211	"I-KNOW"
2754939321	"UPINLBS"
2755264843	"CJJMC"
2755466159	"ACC"
2755539254	"WiPDA"
2755755213	"ICMSAO"
2755761182	"ARGENCON"
2756092802	"Confluence"
2756859850	"AM"
2758417649	"ESSEEB"
2758856958	"CSC"
2759915985	"DDFP"
1145875641	"VLSID"
1182245819	"MCU"
1200222865	"ICDCS"
2626098776	"WebSci"
2626791805	"CQL"
2754451849	"INFOS"
2754644355	"SU"
2755055878	"YAC"
2755707950	"ICBEB"
2756067413	"TACS"
2757278510	"TEAR"
2760261477	"WMN"
2898386331	"ICSCA"
1167145961	"AMTA"
2622788514	"ISSNIP"
2623764404	"UPEC"
2625152578	"DIDC"
2626686725	"EICS"
2754010242	"DoD HPCMP"
2754985184	"SMARTCOMP"
2755191446	"IWDDC"
2755271064	"IECI"
2757250901	"LaTeCH"
2757623351	"ISAIM"
2759571747	"S3"
2760175301	"SYSTOR"
1134826652	"CHASE"
1162850487	"FSEN"
1163988186	"ICDE"
1164253245	"ISQED"
2623019038	"KICSS"
2735611484	"IMOC"
2753966680	"LATW"
2754162468	"PMS"
2754175434	"SCET"
2755021420	"ICETECH"
2755646914	"ICICI-BME"
2755898130	"FNMS"
2756790806	"NAMW"
2759120980	"MSVVEIS"
2760754934	"WAFR"
1132255490	"TKE"
1161424158	"ISNN"
1175705186	"ISVC"
1176176731	"ISPASS"
1182313844	"ICIAR"
1191598575	"ISCSLP"
1191926394	"GD"
1201561728	"CIDR"
1203937868	"AMiRE"
2606870472	"FC"
2624178191	"PESC"
2625287833	"TAPIA"
2735886909	"INCEMIC"
2753988958	"PSI"
2754548974	"Techno-Ocean"
2754941737	"APCBE"
2755198924	"DiGRA"
2755437467	"ICEM"
2755552554	"CCCT"
2760644646	"ISDF"
1136691831	"ICS"
1137516283	"ADBIS"
1143178125	"RC"
1161567657	"SAMT"
1173500908	"SPLASH"
1194587682	"KEOD"
1197584399	"NSPW"
2754089777	"ICSPC"
2754380361	"ICIT"
2754640668	"ISFTC"
2754803309	"NBEM"
2757454588	"VSRNLP"
2760795671	"HotPar"
1121227772	"ICASSP"
1141629004	"WCNIS"
1149945488	"CIVR"
1154283601	"DAS"
1158833223	"ICANN"
1159793393	"MACE"
1195874795	"IA"
1198423724	"ISTA"
2623119017	"IBCAST"
2623423368	"FUSION"
2624240842	"THERMINIC"
2625060797	"HWWS"
2754452928	"IACSIT"
2754501097	"ISCCSP"
2755603329	"FTFC"
2755736438	"IMCS"
2756105494	"ICBME"
2759488237	"IAWTIC"
2760246806	"CERIAS"
2898430196	"CERC"
2898452089	"escar_"
1140656204	"ICAIL"
1146416605	"TrustBus"
1150099070	"ICDAR"
1188697488	"MAICS"
1190659448	"SiPS"
1193547897	"TLCA"
2625108733	"RTNS"
2626441522	"WSNA"
2754183022	"ICETCE"
2754462926	"IVESCN"
2755154764	"PN"
2755700242	"WICT"
2758630778	"RCDL"
2760805818	"RWSN"
2898202740	"ICDECS"
2898540424	"TRF"
1135538937	"Pervasive"
1141029349	"Mobility"
1160224924	"ISMM"
1182898022	"QSIC"
1192655580	"EMNLP"
1194094125	"CIKM"
1197859109	"LANOMS"
2623773892	"SSST"
2754283479	"IMP"
2754536946	"WCCES"
2754658123	"CFP"
2755034071	"MECO"
2755105486	"ISSDM"
2755115694	"ISSCAA"
2755434998	"SOPO"
2756703661	"ICDSE"
2757021190	"JECTPS"
2757357294	"ICWI"
2758123139	"SAC"
2759035355	"SYSML"
2759411377	"AH"
2759856744	"ASYNC"
2898498318	"AMSWMC"
1149998698	"WADS"
1152239011	"ADMI"
1190589269	"CBSE"
2626910729	"BigSpatial"
2753968298	"SAC"
2754639822	"APSITT"
2755327145	"GSMW"
2755740363	"ATM"
2756377198	"IWCNN"
2757421059	"PHYSTAT"
1177825390	"ADHOC-NOW"
1182479155	"PCI"
1196135456	"AMR"
2754545791	"EUSFLAT"
2756402760	"WSADTJCOMPASSWRTDTS"
2757992015	"CGIV"
2760158092	"AlMoDEP"
2898154376	"NUSYS"
2898321200	"WITS"
2898322738	"NWPT"
1127323440	"SimuTools"
1163190608	"GCC"
1184269240	"PATMOS"
2623855928	"EIC"
2625883896	"ISSS"
2753996301	"AIRD"
2754022638	"PSHMC"
2754082233	"MRRSS"
2754190550	"ISNE"
2754524264	"SMO"
2754547890	"IPMSHVW"
2755281958	"HNQRSR"
2755355420	"ICORR"
2755547978	"CDEE"
2755865610	"FCS"
2755962790	"AIA"
2756192179	"IV"
2756210402	"MSVM"
2756227104	"EMS"
2756266275	"NCM and ICNIT"
2758563934	"HPRCTA"
2759936567	"ACDC"
2760186809	"HISB"
2898200789	"DSC"
2898298964	"ACM IUI"
1146306704	"WMUTE"
1184699546	"DASFAA"
1189246982	"ECSQARU"
2753957654	"ITEC Asia-Pacific"
2754002042	"FAC"
2754057091	"GCCE"
2754290031	"CHPSN"
2755629554	"IGBSG"
2756224604	"COA"
2756529587	"SMILE"
2759331234	"CELDA"
1127845963	"SENSORNETS"
1132773841	"WALCOM"
1141821850	"ICALP"
1152305746	"CSA"
1154921601	"SUM"
2532822031	"HLT"
2622156088	"ICITST"
2622319481	"MELECON"
2625854078	"C&C"
2735924955	"ISAPE"
2754662406	"EUDRPTP"
2755546526	"DGR"
2755980102	"ETECT"
2757657594	"ICWIT"
2759121377	"DTMBIO"
2759641501	"SeGAH"
2898487891	"SLTU"
1128132410	"ICCAD"
1131665807	"NAS"
1145533764	"EuroITV"
1148910551	"AAA-IDEA"
1158234796	"TYPES"
1180003657	"ESWC"
2606075370	"RSS"
2708360643	"ATS"
2754514625	"WCSE"
2754901039	"GRS"
2755030358	"ICAMSE"
2755092685	"ACES"
2755198491	"GME"
2898525085	"EME"
2898564535	"AEC"
1130446098	"SCCG"
1141426942	"ICAS"
1180634112	"ICCM"
1182002732	"ICECCS"
1185284231	"SYNASC"
1190086121	"AUS-AI"
2754416623	"ICMC"
2754653529	"VLSI-SoC"
2755021616	"WEMDCD"
2756368973	"ICEDSA"
2898133633	"ACCS"
1152061191	"ECCTD"
1178831173	"BMEI"
1187089339	"CDS"
2622795450	"I&CPS"
2623816175	"ATC"
2624407689	"SoftCOM"
2754427507	"ICCTET"
2754737367	"ICBI"
2755329687	"SC"
2755952065	"CIP"
2756499935	"FIS"
2758340722	"JCC"
2758428153	"CMS"
2760095695	"TAPAS"
1122224950	"WPNC"
1132231445	"DS"
1140680567	"ISMB"
1160213847	"ISCC"
1163279258	"WCNC"
1172483547	"ROBIO"
1175443996	"CATS"
1190088697	"VRST"
2623485813	"AusCTW"
2623864115	"PCIC"
2624470366	"SISPAD"
2624553436	"APMC"
2753963650	"ISEEE"
2754511396	"CIS"
2754607537	"ICoBE"
2755567571	"CROWNC"
2755609408	"GIWRM"
2756208652	"DARPA-ISCE"
2756259932	"WECWIS"
2756318783	"ISTT"
2757690621	"SEGS"
2758863647	"CISIS"
2898181768	"SEMS"
2898488209	"ASSRI"
2898596640	"ICCED"
2898609323	"ICFM"
1129512635	"SYRCoDIS"
1140449422	"IJCNN"
1159477486	"SPAA"
1161500769	"FOCI"
1163494139	"WINE"
1168190343	"Stringology"
1169989417	"SIIT"
1179609432	"SEC"
1194468827	"CPA"
2622266624	"IWSSIP"
2754024987	"NICS"
2754455388	"INTERMAG"
2754841486	"3CA"
2755831582	"EDM"
2755874105	"GMC"
2756391745	"ANLP"
2757288481	"HotSec"
2758297524	"DIGRA"
2759683533	"RULE"
2760528217	"DUE"
1132486181	"HERCMA"
1142022895	"ADNTIIC"
1164386382	"ANNPR"
1176901727	"QoSA"
1187587159	"ISBI"
1191630588	"RA"
2615919549	"CSF"
2735422400	"SIU"
2753968123	"SeGAH"
2754526506	"DHMA"
2754601504	"PFM"
2754635670	"EWSPT"
2754687619	"ICISCE"
2754877983	"ICCSS"
2755325535	"CPR"
2755808122	"IACAI"
2755923679	"DSE"
2759100976	"ESM"
2759836497	"PRET"
2760787418	"LANC"
1140240273	"ICOIN"
1157050510	"K4HelP"
1162743509	"APCHI"
2622396909	"ICIIS"
2622745565	"DIPED"
2734461319	"CINTI"
2755038266	"MSMW"
2755424019	"Energytech"
2756912778	"ROBOTIK"
2758803293	"IDC"
2759930103	"FIND"
2898339419	"ICEE"
2898538405	"LENLS"
1155608529	"ISWC"
1181602175	"WETICE"
1181938614	"MASS"
1201662314	"CNS"
2736209372	"ECOC"
2754605281	"MEPS"
2754964214	"PMAPS"
2755523409	"ACOFT"
2755647316	"IFEEC - ECCE Asia"
2755867266	"eChallenges"
2756214109	"ICIFE"
2758394856	"ZEUS"
2759168861	"LATINCRYPT"
2759235283	"ICNC"
2898417517	"SDSC"
1155746833	"KSEM"
1162361837	"IWANN"
1202201565	"ICWS"
2622065599	"IEEE-NANO"
2622692353	"MFI"
2735036975	"PRIME"
2755253605	"PowerTech"
2755577584	"ICRAIE"
2755924220	"ICCPEIC"
2760387439	"SPeL"
2898604703	"ICSME"
1119897178	"SEAL"
1120010468	"ICCPOL"
1123581667	"ASMTA"
1155648657	"MOBILIGHT"
1156688768	"ICNP"
1160896163	"CRV"
1162793720	"ICFP"
1187331819	"DBTA"
2622702665	"ASMC"
2622911331	"Allerton"
2625969915	"SIGUCCS"
2626012968	"ACE"
2734724338	"ICIST"
2754362366	"CSIC"
2754453120	"INDIACom"
2754768069	"CNMC"
2755223497	"CMS"
2755378786	"ICECE"
2755750247	"MCI"
2756314233	"ICIM"
2757119347	"Soft-Ware"
2898115204	"ICMSA"
2898475680	"ICCSP"
1157063759	"ISA"
1175089206	"SIGMOD"
1200750167	"WASPAA"
2623375820	"ECCE"
2623597369	"MWP"
2624024286	"VLSIC"
2626641194	"CPP"
2754055383	"APCQS"
2754472367	"SIP"
2754929334	"PACC"
2755390809	"SHIHIMI"
2755784004	"IEMCON"
2755861603	"CSIT"
2756203493	"CCTAE"
2756314553	"TCCI"
2757031696	"ESAIR"
2757591167	"ICFI"
2757793869	"WSOM"
2757853818	"ESOCC"
2758180150	"SNA"
2759959984	"AIPR"
2898318940	"CSBio"
2898370919	"ICI&ME"
1159491267	"FOGA"
1167616228	"PDC"
1173987157	"ICITS"
1180547793	"VMCAI"
1186802497	"IPTComm"
2623115447	"SEMI-THERM"
2754224754	"APRSC"
2754268880	"ETCS"
2754334691	"ICECCO"
2755317347	"ANTS"
2755548015	"AuCC"
2755779872	"MAPE"
2756070009	"VDSE"
2759074181	"SDM"
2759880100	"ISC"
2898560537	"ICMENS"
1124398036	"WONS"
1125350492	"AVSS"
1150440332	"NSS"
1165822292	"IDEAS"
2621924511	"RFID"
2622324446	"CEIDP"
2623143527	"GFP"
2625562355	"RACS"
2754086029	"AMIA"
2754695005	"CSL"
2755254155	"CSSR"
2755585131	"ICIMIA"
2756335621	"MTT"
2756455471	"RTC"
2757360906	"CASE"
2760750256	"INMW"
2898435477	"ICCMC"
1142184186	"CARE"
1177843814	"SIGITE"
2621814418	"ATNAC"
2623111059	"T&D"
2623983128	"SSD"
2754095203	"ICCC"
2754196393	"LESCPE"
2754292752	"CHSI"
2754329633	"ICEETS"
2754814011	"IMWS-AMP"
2755913526	"MIS"
2756357204	"CSAE"
2759067227	"HotBots"
1126937784	"CoNEXT"
1195570154	"QuantumComm"
1195648157	"SOFSEM"
2626623218	"SOSR"
2626850771	"QTNA"
2754311432	"ICCN"
2754348952	"ISFEE"
2754691083	"IEVC"
2755266255	"IITAIC"
2755837632	"ICACTE"
2755972203	"ICICT"
2898585375	"BigTrust"
1159702908	"EUC"
1163165737	"ISEC"
1170173600	"ICCE"
1186985151	"ICCD"
1188024106	"WOC"
1195013065	"IGARSS"
1203599204	"GECON"
2622415693	"IST"
2622664099	"EEEIC"
2623692773	"IMTC"
2625637742	"I-SEMANTICS"
2626991755	"CSERC"
2735051978	"ICMeCG"
2735188330	"CDE"
2754352910	"DCS"
2755158419	"ICECCT"
2756295427	"RCACS"
2756371943	"ICCAE"
2759324680	"ECCS"
2898155207	"IEEE CCRA"
1123077274	"SOCO"
1123621769	"MMM"
1134069326	"CAiSE"
1134913378	"NOSSDAV"
1148944599	"ASWEC"
1159024683	"ICPC"
1197805753	"IOLTS"
1199533187	"FSE"
2250295908	"MMIT"
2623119252	"NANOARCH"
2626842540	"SIGCPR"
2734625849	"PEDG"
2748171593	"CSR"
2754041620	"PACLIC"
2755221955	"ICICES"
2755642689	"ICSEE"
2755985202	"ICAPR"
2756077757	"CACET"
2756124290	"EORSA"
2756164098	"JMISNFSIBHICFBI"
2756450495	"APSAP"
2758706252	"RWS"
2898226373	"BDET"
2898305388	"ISC"
2898543286	"FTVI & FTRI"
1124147936	"PADL"
1128130329	"ICES"
1143723981	"INFOCOM"
1144649355	"ICCPS"
1193566715	"DSOM"
1196268508	"HOST"
1198471430	"CCS"
2622258074	"IEMDC"
2622648920	"PVSC"
2622676662	"IMPACT"
2736051969	"EDUCON"
2754588547	"SysCon"
2754624328	"MMIS"
2754687196	"WIIAT"
2754986044	"CSEEE"
2755728885	"ICHCD"
2756397737	"TETT"
2757760628	"ICRE"
2760776474	"MDL"
2898159959	"COINS"
2898323122	"LocalRec"
2898440865	"ICETCE"
2898562442	"ICSLT"
1120728542	"ISLPED"
1125967516	"ISCIS"
1131368478	"FUN"
1138905553	"MTDT"
1143040027	"PoEM"
1178622071	"GRID"
1182578561	"PROMISE"
1184750640	"SAM"
1195398546	"ACSAC"
2532863000	"Hypertext"
2622307612	"ICCAS"
2623377831	"CCP"
2754004985	"EUVIP"
2755646360	"CACSD"
2756042237	"RTEICT"
2756066742	"ECTDEB"
2756932040	"DSL"
2757674621	"NCMA"
2898463056	"IWCTS"
1138890651	"SEA"
1151146444	"MobiHoc"
1163360771	"ICAPS"
1175927799	"VCIP"
1187005110	"STAIRS"
2754691642	"MOCAST"
2755068430	"IEEE SCC"
2756119151	"PCSPYS"
2756804492	"WMuNeP"
2758814598	"SWSM"
2759536463	"SWPM"
2898447035	"PROOFS"
1146319540	"ICTA"
1150523337	"ISMIS"
1162883905	"PACIIA"
1180389419	"ECSCW"
1189675953	"CICC"
1196277353	"CISSE"
2606000596	"PerCom"
2625987502	"CCSW"
2753970243	"ICGA"
2754098532	"ICUWB"
2754127258	"CHILECON"
2754356170	"CMD"
2754881967	"ASED"
2755099319	"EECE"
2755239349	"SATAE"
2755753292	"ITCEMS"
2756399072	"PHM"
2757248074	"TOOLS"
1135638846	"SRDS"
1136159773	"CITA"
1140490152	"PRIB"
1168103165	"CMMR"
1177287137	"INTERSPEECH"
1197288200	"DEBS"
1200430907	"EGSR"
2622908915	"IMS"
2622952099	"SOI"
2623229432	"ASILOMAR"
2753989779	"C3IT"
2754390377	"ICCCE"
2754805320	"ICDF"
2754816908	"ICITSI"
2756004179	"ICWITS"
2756071452	"EUSIPCO"
2756079081	"ETEPDS"
2756196968	"CAMP"
2898413487	"HTGradConference"
1132256673	"HLDVT"
1137187906	"SIPEW"
1145863690	"DMS"
1147859159	"ICN"
1158388210	"ANSS"
1166923268	"INLG"
1179947304	"APNOMS"
1183877910	"CARDIS"
1184553942	"RO-MAN"
2534788800	"TREC"
2622890002	"CGIV"
2623323893	"ICT & KE"
2627085320	"Tri-Ada"
2734773475	"ICMIT"
2754001604	"ARCS"
2754410523	"CHP"
2754419958	"ICIAS"
2754883047	"Bled"
2755190754	"SSRC"
2755338791	"ISEEE"
2755349692	"UUST"
2755423968	"URKE"
2755555004	"APRSB"
2757558070	"AASLP"
2757964222	"PacificVis"
2758021970	"I3E"
2898523872	"FabLearnNL"
1123338449	"ACIIDS"
1173836718	"HASE"
2621467125	"ECTI-CON"
2622608489	"LAPC"
2735263775	"DASIP"
2754105896	"EDACSM"
2754471860	"HPEC"
2754484402	"SFE"
2754505659	"ICCKE"
2755319328	"IFIPTC-NC"
2755503515	"ICAEC"
2756002204	"NIDC"
2756262384	"WCACE"
2756405054	"ICCS"
2758816647	"ICCSE"
1165622107	"ITC"
1165838108	"i3D"
1190684087	"HAIS"
1194311921	"CSLP"
2624110271	"LISAT"
2624403909	"IVNC"
2754052784	"MMDG"
2756099974	"ICICTA"
2756132311	"ICPC"
2756995294	"VRIPHYS"
2758138882	"SINWDS"
2758843982	"MIAA"
2898377287	"ProvenanceWeek"
1131680737	"CyberC"
1181194180	"CollaborateCom"
1184106476	"ADMA"
1200543359	"RV"
1204606053	"UAI"
2244759375	"MINES"
2531684445	"ICSE"
2623197357	"CinC"
2624199261	"AIM"
2625243439	"WGP"
2625865794	"WiNTECH"
2754204594	"ICQR"
2754604112	"GSIS"
2754677800	"SICC"
2755969257	"ICCAI"
2756109439	"AQTR"
2756145727	"EDTM"
2756727789	"WLPE"
2898576542	"DFSD"
1142119102	"CHINZ"
1171151666	"AAIM"
1171345118	"UbiComp"
1196848493	"DICTAP"
2625272051	"CVMP"
2754095953	"POS"
2754222971	"ICEPE-ST"
2754274441	"ISGT Asia"
2754310209	"ICMOCE"
2754691214	"MEPCON"
2754966267	"WCLS"
2754983485	"SITA"
2755040513	"AusWireless"
2755181575	"IFSA-EUSFLAT-"
2755546811	"IDRC"
2756327694	"ICEE"
2756630716	"ICTIR"
2760060527	"ICGC"
2898522455	"HSCC"
1141157497	"COORDINATION"
1177774579	"NGI"
2622005410	"ICEMS"
2735509386	"ICETA"
2754318744	"PDIS"
2754873749	"PNPM"
2754893966	"ISDOA"
2754957441	"JCPC"
2755651141	"EFPA"
2756061709	"ICMB"
2756443028	"ISC"
2756841286	"TAMoCo"
2757900028	"HTCDP"
2760518661	"INTRUST"
2898611734	"SigAsiaDoc"
1132363081	"IWPT"
1144363157	"CAIP"
1171090520	"NGMAST"
1182813114	"ETX"
1198129048	"LCPC"
2533150121	"PKC"
2621786554	"IFOST"
2622296859	"GENSIPS"
2622415957	"NRSC"
2625712041	"i-CREATe"
2754348571	"IKT"
2755320070	"ICNTE"
2756010668	"ISITIA"
2756036784	"SIECPC"
2756322194	"Algebra"
2758391288	"MDA"
2898122509	"FDIA"
2898125011	"ICoC"
2898187506	"TRRIPP"
2898204902	"Urb-IoT"
2898224407	"BEC"
2898417940	"SRS"
2898591531	"Cyber Science"
1138950671	"OWLED"
1169468209	"WiOpt"
1174839472	"CDVE"
1180605136	"DARS"
1199667400	"MIRAGE"
1202813157	"ISAS"
2623196460	"CCA"
2754091824	"ICBHI"
2754348333	"AMRSI"
2754539197	"CV"
2754577025	"ICAR"
2755142695	"TELSIKS"
2898108287	"SMART"
2898283810	"NSV"
2898435772	"ICCEA"
2898597753	"ICABM"
1136800381	"DFRWS"
1140000399	"GECCO"
1143598892	"SEAFOOD"
1166878115	"DEON"
2622820903	"IRS"
2625574140	"MCS"
2626437613	"WiPSCE"
2735978211	"RFIT"
2754133377	"SusTech"
2754282300	"ComManTel"
2754927700	"ARACS"
2755063974	"II"
2755550570	"GIRMSE"
2756017433	"ISICA"
2758055504	"ITCS"
2759907546	"MUD"
2898264034	"ICSRT"
1128894334	"SASN"
1145019647	"VR"
1166012910	"CASC"
1168254271	"VizSEC"
2605467207	"HotOS"
2754050073	"EIDWT"
2754209168	"TELFOR"
2754236510	"ICACIA"
2754389267	"TENCON"
2754572092	"ICEMI"
2754782165	"OOOS"
2755468230	"PIC S&T"
2755714232	"IMTR"
2755837441	"APICL"
2756431470	"ICCSP"
2757928577	"ICISTM"
2759309680	"SFCM"
2898230658	"ICCIS"
2898359033	"GCMM"
1140144625	"ArtsIT"
1158363782	"NSDI"
1164472673	"Performance"
1169258207	"JCDL"
1174248916	"PRICAI"
1180070079	"DELTA"
1187360205	"SIMPAR"
2754880234	"IEOM"
2754942960	"ETM"
2755161637	"EMPD"
2755243123	"ACPR"
2755480344	"TIPTEKNO"
2898409598	"CRICTE"
2898522755	"SACEE"
1147841109	"BIRD"
1159723860	"TMRA"
1175044124	"MCPR"
1183679797	"ESORICS"
2754176545	"PPS-PDP"
2754266475	"CAMAN"
2754384960	"ICLSIM"
2754446691	"VSS"
2756317370	"GIIS"
2756465685	"ITIN"
2756613654	"MGC"
2758847462	"HPC"
2759098553	"WER"
2759279913	"ISSD"
2759285150	"MobileHCI"
2760343932	"AFL"
1133148025	"WISEC"
1149428251	"ARTCom"
1159958186	"DCOSS"
1174826432	"NPAR"
2243649203	"Mediacom"
2625962009	"TINLAP"
2736263400	"WSE"
2754683423	"WMRD"
2755208888	"ICCC"
2755995744	"EEEI"
2756129082	"CIIT"
2757237056	"EWRL"
2759506917	"ICDH"
2898247485	"JFO"
1128394114	"NLDB"
1148841353	"IPTPS"
1164762582	"ISPD"
1196016004	"SLT"
1202207742	"IWINAC"
2622322192	"ELMAR"
2622645748	"NUSOD"
2623485896	"ICIA"
2736206667	"CIMSim"
2753957111	"ISSCAA"
2754587925	"ISS"
2754968146	"ICBPE"
2755167360	"COIN"
2755473119	"EUROCON"
2755499462	"QRS-C"
2755702938	"ISTC"
2755949156	"ICRESH"
2756263134	"CEPC"
2756366188	"INEC"
2756643752	"MEDI"
2757782454	"SSVM"
2759666259	"ANB"
2898114389	"ICICI"
2898375759	"NSysS"
2898476843	"BDVA"
2898487984	"SU-ICEIT"
1141336450	"MCO"
1152881209	"MTAGS"
1155899826	"ICPP"
1194636961	"WILF"
2734620238	"ICCE-Berlin"
2753951326	"EPE"
2755311508	"AOFCOC"
2755916492	"NNSP"
2759814857	"DESIRE"
2760042014	"IBERAMIA"
2898409477	"APPIS"
1120693805	"CI"
1121242901	"ICTAC"
1133859059	"HPTS"
1139070884	"CAR"
1154269646	"AMFG"
1185335959	"NEMS"
1187155619	"SISAP"
1198225011	"BIOSIGNALS"
2623639103	"ICAC"
2753964835	"ISMOT"
2754048035	"LVASS"
2754219587	"COMPSAC"
2754514345	"ACHSSDC"
2754925037	"ICCGC"
2755332290	"ICAETR"
2756709593	"WWSE"
2757175991	"REALWSN"
2758103385	"ICCSA"
1149327232	"WSC"
1161606401	"ICVS"
1163902177	"ICRA"
1168813717	"OZCHI"
1190393634	"NIME"
1196855093	"TCoB"
1201250571	"IDA"
1204434967	"Petri Nets"
2623519252	"INC"
2625644355	"XSEDE"
2626363858	"IE"
2626590601	"WIMS"
2754148693	"ECS"
2755139312	"DEST"
2755218236	"FIMH"
2756422861	"PIERS"
2756860364	"URSW"
2757670379	"HotCloud"
1120869304	"CIARP"
1138438968	"IEA/AIE"
1139686887	"WSKS"
1151788669	"PADS"
1165606533	"SLE"
2625473691	"IVME"
2754750134	"AdCONIP"
2754955895	"NPC"
2755005449	"WHISPERS"
2755338119	"IASSIST"
2755445250	"TRANSDUCERS"
2755562339	"ICIEV"
2755632800	"ICCE"
2756014376	"UAHCI"
2757208637	"SMA"
2758276724	"HCSE"
2760243091	"ISSS"
2898533442	"IEEE Nanotechnology Symposium (ANTS)"
1135838635	"WINSYS"
1168542559	"ICDKE"
1177357382	"ITP"
1186381103	"MIPRO"
1194143745	"FLAIRS"
1200145187	"SOFTVIS"
2622754298	"WCSP"
2623068444	"Sarnoff"
2754072962	"ICCI"
2755368956	"NCIS"
2755718980	"SOFE"
2755811979	"PEOCO"
2756231431	"SFE"
2758207428	"MBMV"
2758468093	"MobiHeld"
2760504002	"UCC"
2898196244	"JITH"
2898336281	"ICRET"
2898613829	"ACSS"
1131420910	"GLOBECOM"
1132593990	"EDBT"
1143943266	"WWV"
1149416356	"DIM"
2621683815	"DRC"
2734717369	"ICCIC"
2754008443	"ECAEC"
2754344269	"ISIE"
2754592837	"TTE"
2754604763	"SIPNN"
2754698934	"ICTM"
2760054263	"SNS"
2898101343	"GER"
2898217686	"VIREDU"
2898548901	"Phosphate Days"
1128718661	"KDIR"
1142381819	"TSD"
1154445780	"TMA"
1175805213	"IH"
1189713183	"LADC"
1199981023	"GCB"
1201491352	"CP"
1201757147	"MEMOCODE"
1204605585	"GIR"
2623987413	"ITCS"
2754264276	"RISSP"
2754461891	"ICEEICT"
2754905231	"FGCN"
2755454688	"PECon"
2755790464	"ICCSEE"
2757151199	"PaCT"
2757719105	"BooksOnline"
2760694632	"FOPARA"
2898324166	"UCC"
2898366279	"ICGIP"
1121756369	"HVC"
1128163780	"SAFECOMP"
1130695903	"AGI"
1134494671	"PACT"
1191550517	"MoDELS"
2538182508	"ISWC"
2606605052	"RE"
2621418840	"CPEM"
2754243189	"IPEC"
2754685548	"IV"
2755808832	"CEFC"
2756278528	"EDPC"
2756388983	"M VIP"
2757384521	"I-USED"
2759751646	"DEIS"
2898121521	"PAN-IIM"
2898172219	"ALFAeEJA"
2898356605	"APSCOM"
1119898803	"VISIGRAPP"
1146600191	"FoSSaCS"
1164009877	"PACIS"
1171980720	"SCIA"
1174168622	"KSE"
1176978676	"VTC"
1194005070	"AOSD"
1203333039	"DCAI"
2621495138	"REDW"
2626000336	"CESI"
2736172763	"TCSET"
2754341374	"ICCCT"
2754379872	"PESTSE"
2754504537	"PLILP"
2754968098	"ADPRL"
2755026231	"ICCI"
2755114908	"ELNANO"
2755284976	"GEC"
2755428552	"ASEMD"
2756054205	"AEECT"
2756137054	"EST"
2758812571	"TRUST"
1121720292	"DIGITEL"
1133745702	"MOBILWARE"
1192710900	"ISCAS"
1197778485	"INAP"
1199710238	"ESSCIRC"
2607379586	"ITS"
2622723275	"ICNC"
2624183508	"CISIS"
2626223554	"PESOS"
2735891596	"HFPSC"
2753992287	"TALE"
2754330098	"PARLE"
2754542698	"WMWA"
2754585779	"PRODE"
2755995920	"BECS"
2756118209	"PC"
2760560250	"ISPRS"
2898577044	"ICFCM"
2898596449	"ICCMA"
1129075963	"HRI"
1148204193	"VSMM"
1171178643	"SOSP"
1182405406	"TASE"
2621818959	"SoutheastCon"
2625968183	"AutomotiveUI"
2626562924	"NoCArc"
2754009293	"DES"
2754862230	"RVSP"
2755196312	"ISESD"
2755266884	"RC"
2755435570	"PEPQA"
2755670233	"DIC"
2756046938	"SSVM"
2756444188	"EMMS"
2758214222	"CARPE"
2758315489	"SMARTNET"
2758690343	"ALPSWS"
2759107441	"TDM"
2759539177	"VCBM"
2898272593	"ICA-SYMP"
1126329156	"HPCA"
1131830996	"ACISP"
2624484834	"IHMSC"
2754245976	"ROSE"
2754847692	"ICASS"
2754863972	"ICCICCT"
2755328534	"BST"
2756083989	"EEEE"
2758505978	"EmNetS"
2760775186	"CONPAR - VAPP"
2898195228	"ICOIP"
2898230352	"ICTMIM"
2898280748	"ICCCS"
1124751898	"PPPJ"
2624746854	"FTfJP"
2625766220	"MobiGIS"
2735173499	"T4E"
2753967635	"IMSNA"
2754261043	"HDMI"
2754545325	"ESTC"
2754941121	"IET"
2755036428	"BUGIMS"
2755336307	"ICMC"
2756461704	"IST"
2757967502	"NATW"
2758913856	"IS"
2759718255	"CRIWG"
2898226467	"ICMPM"
2898486248	"REPE"
1139922478	"CLIN"
1156749314	"WEBIST"
1158589615	"ICSOC"
1176361994	"SACMAT"
1183305007	"PECCS"
1184527398	"LATA"
1187792334	"ACRI"
2233046399	"iCBBE"
2622760654	"ITST"
2624240781	"SoSE"
2735887863	"VS-GAMES"
2754344579	"ISEIM"
2754560029	"INFRA"
2755283090	"ICAI"
2755307557	"ICCCCM"
2756061141	"Oceans"
2759197562	"ICDM"
2898134955	"ISC INDIA"
2898152102	"ICICCS"
2898161827	"ITMS"
1127066094	"DaMoN"
1152894426	"AINTEC"
1160818631	"EISWT"
1172886419	"ICDCN"
1203500236	"WCCI"
2623246904	"EPEP"
2735889979	"ASID"
2755270021	"ICIMA"
2755344261	"SIAM-PPSC"
2755434905	"ICGTSPICC"
2755455559	"ChinaGrid"
2755934421	"URSI AP-RASC"
2755937935	"ICCCC"
2755940150	"CAC"
2760431633	"SIMUL"
2760443345	"MEMICS"
2898357011	"ICSRS"
1132800348	"EGOV"
1133776791	"CSR"
1139357187	"ICPW"
1155092908	"PIMRC"
1167618010	"AHS"
1172021174	"IJCBS"
2624873926	"WMASH"
2754186878	"HVEI"
2754822729	"Dynamics"
2755539874	"Laser"
2755662029	"IWSSD"
2755787148	"ICCAPCITOE"
2756369521	"CCST"
2760054250	"PROPOR"
2760407404	"LTC"
2760588692	"ARM"
2898506740	"CI"
1127325140	"NeurIPS"
1145073645	"SAT"
1151509452	"BIOSTEC"
1159272175	"FCST"
1163276946	"VRCAI"
1168876913	"WICON"
1178166968	"LA-WEB"
1199552999	"IPAW"
2623479559	"RADECS"
2754123984	"DNA Computing"
2754436836	"GTN"
2754506284	"IIAIAAI"
2755642597	"CIFEr"
2756325976	"SST"
2756529907	"ICCI"
2759254137	"ImViReLL"
2760377682	"VMIL"
2898212587	"SDGT"
2898349820	"SemanaQuimicaIFRN"
2898478310	"JK"
2898607577	"CAAD futures"
1120715160	"HiPEAC"
1140657324	"ICCL"
1153395238	"ICWL"
1157394411	"IZS"
1158167855	"CVPR"
1192804102	"CPM"
1204557082	"IWPSE"
2623715577	"ISOCC"
2624843602	"NanoCom"
2734338944	"ICST"
2755653720	"ESWC"
2756092198	"ICGDA"
2757659919	"IWPACBB"
2758088042	"TiP"
2759122327	"PAAMS"
2760291156	"NordSec"
2898138936	"ICSINC Fall"
2898193832	"ACM CHANTS"
2898431128	"MBE"
1131086423	"IMCSIT"
1135965941	"KiVS"
1156210184	"BIBM"
1179107595	"ECAL"
2624381848	"IEDM"
2625533110	"MMDB"
2754065492	"ASEIA"
2754310457	"ICCUBEA"
2754824016	"SampTA"
2754909119	"PEDES"
2755368261	"NWeSP"
2755534057	"FPM"
2755866013	"MMCS"
2756067800	"IEEE-GC"
2756130781	"IWOCL"
2756435232	"EIConRusNW"
2756463973	"CMCSN"
2757515647	"WAIFI"
2758802275	"SRUTI"
2760399610	"AISec"
2898316989	"Scheme"
2898604084	"ICFMS"
1145175409	"IALP"
1161983757	"SSIRI"
2623661694	"BMSB"
2623677177	"ISDEIV"
2754387185	"REV"
2755451566	"ICEE"
2755620907	"ICIS"
2756249233	"ITA"
2756282039	"ICSS"
2759625205	"MMTS"
2898264967	"ICS"
1131603458	"DISC"
1133365479	"ICFEM"
1157832733	"ISSRE"
1164286107	"ICIW"
1174688487	"ISORC"
1180662882	"ICML"
2624455187	"SIBGRAPI"
2625082262	"XMLSEC"
2754849607	"FBMIE"
2754972727	"ICACI"
2755027040	"CANDAR"
2755182498	"BQGTCFD"
2755280709	"ICEEOT"
2755340684	"IJMA"
2755573759	"ISSE"
2756358841	"SPEC"
2758861311	"CIAO!"
1152899250	"IRI"
1161697372	"WPMC"
1184619595	"MobiSys"
2621438740	"ICICIP"
2622858267	"IWJT"
2624796117	"HotPlanet"
2626467794	"IWSC"
2724712181	"SIGDIAL"
2754001451	"NUiCONE"
2754209511	"CogSIMA"
2754459719	"ECC"
2754494305	"IMT"
2755535008	"NetSoft"
2755626092	"AEEICB"
2755775705	"ICGCCEE"
2755932989	"SETIT"
2898383702	"ICICCT"
1138950705	"UDM"
1147769474	"BIRTE"
1151763769	"ICEIS"
1165293657	"AMSTA"
1166388686	"SBAC-PAD"
1187855658	"WOCN"
2625475683	"WADAS"
2753994491	"AIA IASTED"
2754225278	"ISSC"
2754283107	"BBS"
2754369213	"ICSSBE"
2755420653	"BXMLT"
2755438139	"ICCCT"
2755514336	"IPC"
2756459776	"CMS"
2898224532	"LKE"
2898237367	"SENTA"
2898569249	"NCL"
1123908652	"DBISP2P"
1173149485	"ENASE"
1177184315	"ECOOP"
1184093072	"IPCO"
1186367171	"CASA"
2622000405	"EDSSC"
2624270627	"MIXDES"
2756120740	"SCS"
2898405499	"ICBLT"
1129775427	"TAP"
1134706482	"SECON"
1139008316	"CLOSER"
1166922208	"ICIG"
1180801733	"NEW2AN"
2534597628	"USENIX ATC"
2625747718	"FAST"
2734983331	"ICSET"
2754992040	"IISA"
2755020563	"ICIDT"
2755155626	"HIVETS"
2755247119	"CNNA"
2755498524	"AJCAI"
2755765213	"MCS"
2756305546	"CCE"
2757490784	"WPUI"
2758979553	"WINSYM"
2898535549	"IMAT"
1130677785	"MWCN"
1133014621	"SCAI"
1196984251	"ENTER"
2621445615	"IPRM"
2622644535	"WIFS"
2623206305	"AFRICON"
2624985437	"CAW"
2625350427	"DIVANet"
2626902047	"SafeConfig"
2734430690	"ICCC"
2754064470	"ICSD"
2754627143	"HPCMP-UGC"
2755252269	"IES"
2755561061	"ISSCC"
2755810281	"CSNT"
2756299383	"IASP"
2756383435	"ICCOINS"
2756459796	"ICEICE"
2759014264	"SYSTOR"
2759933227	"CSTST"
2898605154	"ICRIEAT"
1121797035	"CogART"
1142743330	"SDM"
1174091362	"ASPLOS"
2584161585	"ICLR"
2621435095	"ICMB"
2622767565	"FCS"
2624914144	"HiCoNS"
2754228287	"ITCS"
2754322843	"SoICT"
2754346395	"EAIT"
2754442235	"CICED"
2754489101	"ICIC"
2754618925	"IPEC"
2755085658	"HSI"
2755086100	"IGSC"
2755534287	"ICEO"
2755770027	"ECDIM"
2755922917	"CSE"
2758880462	"ADT"
2898272093	"ACBFI"
1144845270	"SpringSim"
1150368419	"WSE"
1154752525	"UIC"
1171036599	"EASSS"
1180289838	"ICCMS"
1184170611	"SNPD"
2624039414	"BMAS"
2736142216	"SSRR"
2754194141	"IPEACE"
2754462042	"PRN"
2754663170	"BCITBA"
2754939573	"RSM"
2755023810	"ICUEC"
2755531077	"CC"
2755546534	"IPPS"
2755674053	"CERMA"
2755805650	"ISCS"
2756332480	"EESA"
2898530303	"HDLS"
1137640971	"WIRN"
1157056623	"DILS"
1159475045	"ICTCS"
1170728023	"DRCN"
1188402843	"ESIAT"
2622093537	"EuCAP"
2622637355	"ISPSD"
2755474553	"RPIC"
2755724017	"ICATE"
2755810042	"SSICT"
2755912279	"SBSS"
2755928445	"BEIAC"
2756320274	"COMPEURO"
2756407685	"ICAEE"
1122073392	"ISI"
1131534676	"IWCMC"
1135681269	"SKG"
1153382799	"HiPC"
1176008616	"NCTA"
1191513091	"PETRA"
2584683931	"EUROS&P"
2624542507	"ICMMT"
2754195330	"AIED"
2754371572	"CMT"
2754970774	"ICCEET"
2755155857	"EDT"
2755247719	"ICITCS"
2755353801	"EMT"
2755464364	"ICITA"
2755887652	"ICFN"
2756027862	"ICECGRA"
2756229528	"CPE-POWERENG"
2756308493	"EPVMMPIUGM"
2756369731	"ICSC"
2757695249	"IWSDS"
2758995940	"EGOVIS"
2760174955	"EOOLT"
2898434675	"GPECOM"
1126322613	"ICME"
1180241966	"ICOST"
1180513217	"ECIR"
2251079498	"MIDI"
2622304248	"ISEE"
2623798665	"ICCSE"
2734696498	"IPC"
2735197912	"EEM"
2754242139	"KES"
2754333267	"IACETA"
2754965728	"CMD"
2755259869	"ICOCN"
2757391641	"AND"
2898098418	"WCNPS"
2898447510	"EASC"
1126706392	"IJCNLP"
1128239323	"IPMU"
1161953916	"EC-TEL"
1198144544	"MKM"
2626964591	"CSIIRW"
2754147595	"ACP"
2754651770	"ISTC"
2754780474	"PEEDAM"
2754907925	"IJMMME"
2755040244	"BSC"
2755342402	"EuroSimE"
2756321219	"ICL"
2758753863	"ADFSP"
2759465893	"EVT/WOTE"
2759652897	"CENTERIS"
2760193176	"ISMM"
2760599755	"WSC"
2898281875	"HIBIT"
2898385977	"APF"
1128498849	"UTP"
1158465717	"SBRN"
1163117144	"SMARTGREENS"
1185688730	"IFM"
1200366406	"TCS"
1202662248	"DFMA"
2622099157	"ICECS"
2754336750	"ICAT"
2754353081	"HumanCom"
2754579088	"ICIVC"
2754661519	"EAWIO"
2755142199	"ITRE"
2755428484	"SPICD"
2755815519	"ICHIISB"
2756210197	"SMACD"
2756292727	"Video"
2756465430	"ICAM"
2756499285	"ICCI"
2758811511	"HotSWUp"
1147734270	"CoopIS"
1156233856	"GMP"
1162579948	"MOMPES"
2621440218	"ICIT"
2622906602	"ISTAS"
2623833764	"IPIN"
2626020377	"COCS"
2626610990	"FOSD"
2754450808	"ApSys"
2754534549	"SSP"
2754870155	"HLTR"
2755719066	"ICATT"
2755811363	"ASAP"
2756041317	"ESTEL"
2756064374	"SSSE"
2756285305	"ISYSPM"
2757726080	"NEUROTECHNIX"
2760351671	"IHI"
2898329696	"ICITM"
2898592291	"ACIT"
1119684440	"EuroPKI"
1131237840	"ICDIM"
1149261692	"WHPCF"
1188462236	"SSIAI"
2624612140	"APCC"
2755318067	"EIC"
2755592256	"ICDMA"
2755647793	"EISGT"
2756208608	"RELCOMEX"
2757309526	"TSP"
2898160046	"ASP-DAC SRF"
2898519658	"ICS"
1126288421	"CICLing"
1156741871	"ISBRA"
1197131943	"ReConFig"
2622833876	"ICIT"
2623499118	"ICEE"
2624113549	"EWDTS"
2754401279	"URSI AT-RASC"
2754725751	"HONET"
2755110255	"IS"
2755126985	"DM"
2755152466	"OMEE"
2755396360	"ISBEIA"
2756021360	"Arts"
2756444406	"ENBENG"
2758435947	"SSM"
2898333883	"ISMR"
1123349196	"MOBICOM"
1137878512	"ICCS"
1162100051	"PROFES"
1169674987	"COLING"
1177201845	"EMEIT"
1188487383	"ECIW"
2621844816	"ARFTG"
2622491454	"ISPLC"
2623952740	"CSICS"
2754016950	"IMCEC"
2754280435	"ICRERA"
2754465657	"WTHR"
2755514059	"RCAR"
2755648694	"Downunder"
2755685038	"GlobalSIP"
2759848371	"Datalog 2.0"
2760422884	"DDCR"
2898188945	"ICII"
2898464601	"ICTTE"
2898601047	"SASB"
1129078273	"ITA"
1134284382	"RecSys"
1140684652	"SIGIR"
1155137614	"KR"
1175101678	"ICETE"
1182309694	"DSS"
1193731136	"EDM"
1198899066	"MSN"
2621800268	"IPEMC"
2622002070	"ELECO"
2622999185	"GEOINFORMATICS"
2735428694	"ISMICT"
2753949280	"ICPC"
2754007032	"ICEC"
2754464326	"ACS"
2754637817	"VSP"
2754883866	"ISCSS"
2755153835	"ICUAS"
2755858772	"NTISSS"
2756046829	"WMS"
2756594110	"IAS"
2760020135	"ICIQ"
2898377269	"HFR"
1138550902	"SenSys"
1157845497	"Haskell"
1169768578	"QUATIC"
1189509541	"APWCS"
2538859667	"TPHOLs"
2622385070	"WPC"
2623722456	"DTIP"
2626823158	"FIRE"
2754634763	"ICEICT"
2754916356	"CAL"
2755246144	"EIM"
2755458412	"EMO"
2755545065	"ELP"
2755665493	"ECEOC"
2755817909	"ALPIT"
2755850117	"CENCON"
2755872299	"IBBEC"
2756375147	"GWAI"
2756380258	"INISTA"
2756406625	"IESAC"
2757224964	"MSST"
2758964377	"Q2SWinet"
2759911507	"IUKM"
2760005081	"MMICS"
2898282690	"BDIOT"
1122238926	"PSD"
1149542749	"PEPM"
1160737320	"IIR"
1190953609	"FDL"
1203039809	"CHIMIT"
2622676706	"SISY"
2622727333	"SOLI"
2753965711	"MFPS"
2754544123	"CNSA"
2755490332	"APSAR"
2755540534	"IDGD"
2755762093	"ICCME"
2755775358	"ICIE"
2755807247	"ICNAIA"
2755955781	"PESA"
2757131477	"AFRICACRYPT"
1135145953	"IWQoS"
1137823534	"ASP-DAC"
1158252963	"KMIS"
1168170433	"ICARCV"
1168823384	"EUMAS"
1192165265	"VEE"
2626741244	"CEE-SECR"
2626759157	"SYMSAC"
2626876303	"WCAE"
2753975668	"ICIC"
2754403848	"ACCCCS"
2755940938	"ICEUTE"
2758509903	"TACS"
2758590630	"KR4HC"
2759150866	"VLSI-SOC"
2898444100	"LOGMS"
1132781256	"SECURWARE"
1134066369	"AVI"
1137528458	"TCC"
1163450153	"CHI"
1169721244	"CARS"
1196153040	"PDPTA"
2624075539	"FDTC"
2624252937	"AUTOTESTCON"
2754050703	"AJIM"
2754193678	"LISS"
2754431018	"FCSE"
2754698265	"MNM"
2755090205	"EAS"
2755545779	"TePRA"
2755694018	"APSEC"
2755805243	"IFSA/NAFIPS"
2758344833	"RFIDSec"
2898502195	"Modelica"
1132689015	"SGP"
1134663949	"APSEC"
1157343637	"MABS"
1162650406	"SSME"
1192664773	"DEXA"
2621433118	"VLSI-TSA"
2622446249	"RADIOELEKTRONIKA"
2626472671	"SOAP"
2754574592	"USITS"
2754718465	"ICHS"
2754909024	"ICARM"
2755978869	"PowerAfrica"
2898127750	"WCISM"
2898431842	"WASN"
2898523545	"EMiT"
1132567130	"RSKT"
1140059087	"PG"
1171025048	"PLPV"
1179031060	"FDG"
1193719506	"MobiMedia"
2623751309	"IEMT"
2624597182	"CCDC"
2626360753	"SIGGRAPH Asia"
2734667515	"ITherm"
2735555832	"ICoICT"
2755120766	"MEC"
2755749225	"TAEECE"
2756012098	"PAHCE"
2756363373	"RADAR"
2757395913	"ICSEE"
2757655342	"LEET"
1123108728	"MobiDE"
1152661919	"SBIA"
1160491194	"ProvSec"
1198662047	"CIDM"
2623219840	"TENCON"
2624314910	"BioCAS"
2754206055	"ICNNB"
2754979881	"NTISS"
2755347789	"ICCT"
2755360215	"ICSMA"
2755646922	"JPRS"
2755699801	"ICGCE"
2756200542	"PLM"
2756524076	"BPMN"
2760432666	"QSHINE"
2760727739	"SGDA"
2898120031	"AMS_AC"
1152985112	"PKAW"
1160062895	"ISMVL"
1188726732	"ARC"
2736178789	"SUM"
2754069088	"ECSR"
2754368352	"DRPT"
2754795185	"ITNSPS"
2755386546	"NAFIPS"
2756029486	"UKCI"
2756213677	"CSN"
2756288631	"WM"
2756428996	"ITS"
2759564365	"MONAMI"
2898559599	"AIES"
1149794206	"SEDE"
1194689000	"ECCE"
2622674682	"AICT"
2623207248	"VLSI-DAT"
2754352974	"CSSET"
2755070524	"ICTIS"
2755182642	"ATT"
2755489617	"BADOOMANIOSP"
2757759156	"ONTOSE"
2759848123	"SENSAPPEAL"
1124077590	"ECCV"
1135584791	"MEDES"
1160834642	"GIScience"
1162450063	"CAV"
1179003966	"CNSR"
1191408319	"BIOTECHNO"
1199141000	"DRR"
1201479284	"CCCG"
2621550688	"ICIEA"
2622699536	"ISAF"
2624080447	"OCEANS"
2626551074	"EURO-DAC"
2754076381	"MET"
2754114435	"ROPEC"
2754332912	"SIIE"
2754563871	"CIAAI"
2754648445	"IACC"
2754938273	"CONTROL"
2754996082	"CBI"
2755157754	"ICTM"
2759079008	"HotSWUp"
2760758913	"LARC"
1124607213	"NDT"
1153926724	"IPCCC"
1181233964	"BSN"
1192551523	"SOCA"
1193065725	"WORKS"
2623792093	"CCC"
2624317935	"IIRW"
2754476593	"ICESA"
2755918571	"ICACSIS"
2755927955	"ICPP"
2759111420	"AMMA"
2759444512	"RCV"
2898110988	"ICABS"
1146687534	"PCM"
1168863100	"IOT"
1181650898	"AICT"
2622962978	"AISTATS"
2625233185	"SAICSIT"
2626673811	"VTDC"
2754449521	"ICMBE"
2754700351	"CDIT"
2755531268	"ARS"
2756249462	"ICMAP"
2758764289	"GHTC"
2759194417	"CloudDb"
2898183733	"JURISIN"
2898600484	"ICCNCT"
1147802263	"DMSN"
1185914153	"FroCoS"
1193108635	"ALT"
1203869711	"IISWC"
2250491939	"MMSys"
2626067994	"CVE"
2754639781	"EDSSC"
2755031677	"IJEOE"
2755067489	"IRE"
2755077684	"ISCV"
2755398953	"ISESE"
2756655512	"iNetSeC"
2898334436	"SafeThings"
1123496967	"FSTTCS"
1149655676	"WACV"
1179291824	"SMPS"
2623910026	"NAFIPS"
2626314745	"PRS"
2627014301	"ScienceCloud"
2735442167	"CyCon"
2754208321	"SMI"
2754550502	"EESCO"
2754601805	"CBR"
2755459568	"PSHM"
2755503935	"EANN"
2755757367	"BRC"
2756014080	"Essen"
2756050501	"WIO"
2760325892	"IScIDE"
2898469287	"ComitCon"
2898587229	"LDK"
1140348717	"GIS"
1156703377	"NOMS"
1164321581	"SIGGRAPH"
1180131379	"ICE-B"
1203258669	"WISTP"
2621595515	"ICACT"
2624393947	"PEDS"
2625378482	"C&T"
2734834919	"PICMET"
2754562936	"SIBIRCON"
2754803852	"WorldCIST"
2755720054	"APPEEC"
2756182441	"O-COCOSDA/CASLRE"
2756349628	"DUEU"
2757884405	"DRSMCN"
2758937542	"FAST"
2760538550	"MW4SOC"
2760600803	"DAMMCC"
2898415891	"WISTP"
2898576462	"HIS"
1127424420	"NETGAMES"
1135265656	"HPSR"
1189903623	"DOLAP"
1191670040	"SCIS"
1200494941	"APBC"
2623387249	"ISAP"
2626104003	"C3P"
2626811229	"DRM"
2754594585	"BALTIC"
2754744554	"ELECTROMOTION"
2755410337	"ICEIT"
2755799212	"iCAST & UMEDIA"
2755844466	"ICCTD"
2755883267	"FBIT"
2756422277	"IICPE"
2756882652	"Haskell"
2759355491	"AIEMPro"
2898227087	"ICKEM"
1130177464	"SODA"
1145089474	"ICT"
1166184145	"ISIPTA"
1175274447	"CISS"
1188587990	"EACL"
1193120152	"ICPRAM"
2622505021	"EMC"
2622835322	"ICUWB"
2624689758	"WUWNet"
2754161855	"ICDL-EpiRob"
2754197539	"ICASD"
2754271847	"AVC"
2754351730	"HKEDM"
2754707800	"EW"
2755944635	"sensorcomm"
2759699725	"Larch"
2898427112	"WRTLT"
2898551913	"ICMCE"
1141769385	"PKDD"
1163286138	"DLT"
1182252188	"ESTIMedia"
1189497561	"NCA"
2622027667	"MMET"
2622814204	"APEDE"
2624304173	"ICCES"
2735732939	"AUV"
2754553885	"SMRLO"
2755010836	"OI"
2755188429	"RAIT"
2755402930	"INMIC"
2755674466	"SBMicro"
2755730090	"WMSP"
2756286176	"ICAMechS"
2756457517	"IWP"
2758216076	"EPOS"
2758844549	"BIOKDD"
2759425142	"ICGCTI"
2898275434	"ISAECT"
2898403593	"ICoFCS"
2898510165	"ICBBB"
2898555379	"QFW"
1186057431	"ITI"
1186428080	"CATA"
1199804331	"CCECE"
2626381841	"DPDS"
2754875313	"iEECON"
2754971765	"RIG"
2755640107	"CT"
2755847296	"SPI"
2756087858	"SNW"
2756158990	"YCICT"
2758276400	"WREN"
2898209048	"CIIO"
1124964101	"ISSTA"
1138915878	"HPCS"
1174069788	"SwSTE"
1185109434	"OSDI"
1189659341	"VECPAR"
1199774281	"ISER"
2606280534	"GROUP"
2621799570	"IE"
2623329905	"IITC"
2623673587	"MNC"
2625495745	"CUU"
2626269055	"TVX"
2754134330	"ICUMC"
2754147957	"EH"
2754442565	"IEEC"
2755022640	"ICCAIE"
2755031506	"NEWCAS"
2756310130	"ICCSN"
2758343351	"ACW"
2759324743	"CAMP"
2898524763	"ICEED"
1131683864	"CTIC"
1132577199	"IFL"
1176104424	"INDOCRYPT"
1191753779	"IPDPS"
2623546373	"SIITME"
2624169398	"ICMA"
2625024702	"HCI-Aero"
2626279626	"CHIIR"
2626283221	"SPDT"
2754444030	"ICEAC"
2754802721	"IVMC"
2754895623	"IMSCCS"
2755014101	"ICHCIB"
2755136748	"CCSP"
2756002014	"ICWE"
2898178177	"IconSWM"
1143572269	"IITA"
1164609139	"IMS"
1171002971	"LICS"
1175428454	"ASSETS"
1183252050	"QDB"
2624726309	"HLLCA"
2626293226	"IHM"
2754416846	"ICMIC"
2755633839	"COINACOFT"
2756090654	"TCS"
2760029385	"KAMC"
2760662195	"WSMT"
2898187320	"AI*AAL.it"
2898476124	"IHIP"
1136861413	"ESOP"
1147707288	"Inscrypt"
1148948064	"HPCC"
1157264799	"AUIC"
1159170270	"CloudCom"
1168666102	"ICCBR"
1171878286	"VaMoS"
2238538125	"ACC"
2624265714	"MEMS"
2754019762	"ICMAE"
2755301181	"EUISCU"
2755461909	"BUGIMNS"
2756149438	"ISSSE"
2756415675	"DIMVA"
2758141159	"VISA"
2898576508	"ETSET"
1133392298	"LCN"
1144482763	"EMMCVPR"
1153779279	"BIBE"
1155163656	"RuleML"
1161835747	"LISA"
2626115190	"CFI"
2754909419	"AE"
2755624644	"WNGCWPEC"
2755659898	"ACIAP"
2756112286	"Simulationstechnik"
2756241756	"ICSCSE"
2756297237	"HAID"
2756653975	"WebApps"
2759400282	"SSWMC"
2898296047	"TPDL"
1131576334	"ICANNGA"
1144553725	"AIML"
1148841876	"TFP"
1150481691	"ICSEng"
1153524033	"CRYPTO"
1169202245	"ICER"
1171431627	"WBIR"
1171708086	"UCS"
1199079348	"PAISI"
2625480066	"L@S"
2626608430	"SM"
2754330587	"RTSI"
2755386329	"ICMS"
2755439778	"NNSP"
2755986665	"MVIP"
2756326366	"ERA"
2756371216	"CEA"
2756525286	"OM"
2757393173	"FUELCELL"
2759428795	"LSDS-IR"
2898137421	"SERIAL"
2898578728	"ModRef"
1133651164	"MCDM"
1135342153	"WWW"
1167554496	"APSCC"
1183852906	"TABLEAUX"
1187904452	"DAC"
1204255636	"CBMI"
2623120189	"CSPA"
2754467128	"IET"
2754800160	"ICCPCT"
2754875819	"SRA"
2754991507	"EHBC"
2755198207	"GCIS"
2755408375	"AIMSEC"
2755437411	"ICSSE"
2755722119	"IMCCC"
2755734664	"OMODS"
2755858460	"RSMN"
2756606648	"HIHCS"
2756986536	"ECMTB"
2757646439	"WPCS"
2757883387	"COOTS"
2759215806	"ASIACCS"
1165869400	"CIC"
1169828999	"PDCAT"
2621821625	"TAI"
2734383331	"URAI"
2754073462	"GCPR"
2754745055	"EMICC"
2755121981	"BMEiCON"
2755267524	"ICAIT"
2755595570	"POWERENG"
2756045125	"SWT"
2758541019	"DMAIA"
2758786192	"MANNA"
2759892115	"CHWESE"
2760172689	"MidSens"
1133222229	"CCIW"
1149545486	"ACG"
1164971467	"P2P"
1196404761	"ICGSE"
2621506372	"AeroConf"
2622156245	"MED"
2622421702	"ITW"
2626223566	"SNC"
2754500116	"RTC"
2754580434	"EFEA"
2898349373	"ICCME"
2898433750	"ADADA"
1144821321	"VECIMS"
1176669504	"FMICS"
1188030315	"ICSOFT"
2623791386	"WD"
2626663676	"IA3"
2754071232	"ICRMS"
2754386153	"Middleware"
2754586412	"DL"
2754999803	"NSIP"
2755192738	"MeMeA"
2755562801	"ICDC"
2755715954	"ACCTT"
2755796420	"WREP"
2755814139	"ESPI"
2755856206	"ICECC"
2756114311	"PMMHW"
2757656789	"WebKDD"
2898085673	"ICFSP"
2898170458	"DAPL"
2898280886	"ICDSBA"
2898547082	"IEEE ICA / ACCA"
1133523790	"VLDB"
1161772829	"IPSN"
2624319261	"ICOPS"
2753972002	"IVESC"
2754126232	"IPMHVC"
2754159929	"CAIDCD"
2754580781	"CIBEC"
2754669061	"ICIIP"
2755146655	"ICRSE"
2756474572	"WCCM"
2757461969	"CEE-SET"
2758845705	"SCA"
2760295950	"NICSO"
2760587233	"HCITOCH"
2898232810	"TEA"
1122647587	"BICA"
1148751172	"IDEAL"
1153384733	"ICEE"
1163059802	"ICEEI"
1197111096	"ARITH"
2621892505	"PPIC"
2754069667	"DTV"
2754868243	"EIEC"
2755061313	"ISSNI"
2755085522	"ICICT"
2755372035	"LA-HCI"
2755449408	"CONECCT"
2755863280	"IEMCON"
2756181770	"HSER"
2758839271	"LAW"
2759723528	"CSD&M"
2760626818	"ISC"
2760650684	"CETS"
2898198173	"ISCONTOUR"
2898290279	"CTE"
2898425442	"ICACCA"
1146676910	"ISUVR"
1152462849	"SIGCOMM"
1159717609	"ICMR"
2625287551	"PerMIS"
2625732616	"MindTrek"
2755183362	"SLP"
2755198888	"POWERCON"
2755599464	"ICPA"
2755944998	"IRFMC"
2756301225	"UC"
2759993800	"UNLPBEA"
2898261394	"ICFMM"
1154511600	"ICNS"
1156338894	"AMDO"
1163618098	"S&P"
1168175394	"LOPSTR"
2622719861	"GreenTech"
2623315418	"NORCHIP"
2624357312	"ICMSE"
2624819336	"ICOOOLPS"
2753980770	"ESMS"
2754002857	"ANIMMA"
2754055375	"OTMO"
2754812114	"KRISST"
2755366305	"IJCCCTI"
2755627331	"ICICT"
2755830850	"IHTC"
2756312112	"ICOLIM"
2759197336	"E-Energy"
2898346397	"ICTCE"
2898526056	"MISC"
2898598674	"INCISCOS"
1139274412	"ICIAP"
1141913819	"PASTE"
1194851604	"ISPA"
1203986124	"ICMCS"
2622970900	"COMPEL"
2623150593	"ICNS"
2623670486	"ITSC"
2735206555	"ICINIS"
2755127329	"IMWS-Bio"
2755437923	"ATSIP"
2755552634	"JICPEDESPI"
2756274330	"ECT"
2757662932	"SDKB"
2758852442	"HIS"
2898201433	"AITS"
2898338739	"CLABIO"
1152135150	"ICMAI"
1172534673	"CAMAD"
1181685223	"SAGT"
1189445257	"VISSOFT"
2622656414	"EuroSimE"
2622769968	"SOC"
2625125232	"LBSN"
2753938533	"ICPS"
2755263899	"IMWS-IWPT"
2755734148	"CAD"
2756086553	"ICRIIS"
2756471791	"Modelling and Simulation"
2757021987	"MMVR"
2757282956	"W4A"
2898119558	"ICGSP"
2898393227	"IFIP WG ."
1130451194	"ICC"
1131886155	"EJC"
1145120309	"XSym"
1150140640	"ICCCI"
1152618017	"PE-WASUN"
1154737535	"ASAP"
1155939510	"EuroSSC"
1156994841	"VNC"
1163686456	"MFCS"
1172647307	"EEWC"
1187669966	"JURIX"
1199137064	"CIBCB"
2626192112	"BM-FA"
2626576309	"PLAS"
2626685846	"PM2HW2N"
2754110264	"CEEC"
2755328878	"KAM"
2755365417	"ICIS"
2758979576	"UCMedia"
2759715976	"LCITS"
2898271910	"DD-LAC"
1124590135	"WOSIS"
1130985203	"KDD"
2622038583	"OMN"
2624493010	"ISIE"
2734601302	"ICCC"
2754433010	"EPECS"
2754618145	"MERCon"
2757406217	"NLPCS"
1151928236	"AusDM"
1159769685	"ISR"
1173054512	"LPNMR"
1179408524	"ETFA"
1203052477	"ECRTS"
2754581738	"WCPEC"
2756185017	"ANDESCON"
2756818099	"ICSSP"
2760718049	"ATIM"
2898125238	"TEDS"
1126517753	"ELPUB"
1135668280	"ICICS"
1189460273	"CoLIS"
1193622546	"IIiX"
1197908299	"AmI"
1204479544	"ACAL"
2754091926	"SCS"
2754388443	"EIT"
2754821197	"PSMC"
2755410590	"ICRAMTA"
2755812183	"WCST"
2755895703	"ACTEA"
2760733716	"GameSec"
2898298566	"RiE"
1122827389	"JSSPP"
1128002137	"DaWaK"
1129857081	"EGPGV"
1131440322	"CIbSE"
1134765956	"IIH-MSP"
1137547646	"HEALTHINF"
1138360521	"DNIS"
1158713536	"IWRT"
1165841369	"WG"
1202686821	"ECCB"
2621590556	"WAMICON"
2755290525	"ISAPS"
2755293759	"TMEE"
2755339305	"ACDT"
2755717482	"APCEE"
2756117819	"BCGI"
2756122462	"IWS"
2756265008	"HHBE"
2757531409	"SAME"
2758469374	"IWRD"
2898169750	"DICOEN"
2898385624	"SHATiS"
1132454027	"CompSysTech"
1136274694	"PReMI"
1140070953	"PODC"
1145597874	"CSMR"
1148385487	"INFOVIS"
1150051358	"EuroIMSA"
1164975091	"ICCV"
1177421922	"ICGEC"
1201272792	"CTW"
2622506109	"AE"
2623670637	"CLEO"
2623722735	"ICWAPR"
2624631009	"TIME"
2624902720	"PLOS"
2626039974	"PLATEAU"
2736175279	"PLANS"
2754090749	"IECS"
2755495540	"BCAA"
2755740783	"ICACCCT"
2756263756	"COMITE"
2756300057	"ICCSCE"
2757270258	"DOA"
2758520484	"IS-EUD"
2898139291	"ICNLP"
1125048215	"ECDL"
1158262630	"ICMENS"
1169202981	"ICWMC"
1170296898	"ISSPIT"
2623347939	"NSS/MIC"
2623740389	"ISLC"
2754609458	"IWCTA"
2755009998	"ICCCNT"
2755084232	"LSSA"
2755389109	"IWSDAC"
2755698576	"ICAEES"
2755975826	"AISEM"
2756177022	"NEMO"
2760478614	"BSBT"
1141689323	"IEEM"
1144017017	"SSBSE"
1176273901	"SEAA"
1177171125	"ICALT"
1177515820	"SPIRE"
1188420132	"HotNets"
1204638610	"ICADL"
2621459507	"ASDAM"
2621669662	"CCE"
2625725954	"DG.O"
2754249383	"ICIS"
2754287868	"PEC"
2754374486	"ICDCM"
2754576563	"CSCT"
2754758498	"ISTMWCS"
2755085782	"iFUZZY"
2755319723	"PrimeAsia"
2755776721	"WOOT"
2755881205	"HSCC"
2756211806	"ITCC"
2756313392	"ICDCS"
2756443373	"CIPECH"
2898155326	"ICAPM"
2898364255	"ICRCV"
2898495666	"AADECA"
2898549293	"ICOBI"
2898586385	"ICMME"
1127586763	"TAMODIA"
1168181294	"MMEDIA"
1173741378	"AWIC"
1190039108	"ACC"
2623379161	"ICCP"
2623393319	"WMED"
2624525371	"WFCS"
2754954274	"ICVR"
2755091099	"ISGT LATAM"
2755858541	"ICEP-IAAC"
2755902267	"ICD"
2755928763	"ECIL"
2756267048	"ISSNIPC"
2756337628	"EEESYM"
2757397061	"ECPLP"
2757711612	"TADA"
2760238286	"ICIS"
2898613538	"ISSRD"
1134271186	"ICIC"
1152082401	"RTCSA"
1160783667	"GrC"
1164519180	"HICSS"
1180552634	"COMAD"
1190735678	"WS-FM"
2623269297	"INDIN"
2623571572	"IECON"
2623715279	"CISP"
2627083385	"OpenSym"
2754733029	"ICIME"
2755504866	"CISTEM"
2755741027	"PIICON"
2756140531	"SSMSD"
2756239686	"PTMMD"
2757279635	"WebPRES"
2758039986	"ICT-GLOW"
2758346301	"ABZ"
2758501671	"DASC"
1134031032	"MDM"
1136496851	"SWAT"
1143959562	"SoCG"
1152899768	"ECKM"
1165672886	"MODELSWARD"
1168290671	"ICCA"
1174934631	"ICON"
1182747003	"ISWCS"
1190607000	"SIMULTECH"
1196942926	"GridNets"
1198986815	"PDCS"
1200413642	"TAMC"
2622355266	"AGILE"
2622604671	"MobiCASE"
2754444759	"CAMA"
2754493959	"IC D"
2754841806	"IWMPI"
2754908250	"ST"
2755176766	"IAT"
2755517148	"EHAWC"
2755774938	"Lasers"
2756185368	"ICCEP"
2756821689	"SCC"
2758066107	"HotDep"
2760497433	"SMT"
2898084121	"SHIRCON"
2898160022	"ITT"
2898205272	"SPECTRA"
2898468901	"ICPR-QIEM"
1128953550	"GLSVLSI"
1130478978	"ICSA"
1131239835	"CMC"
1134465752	"DAIS"
1138691947	"ICMLA"
1145706541	"CONCUR"
1165826640	"ICWN"
1169227017	"COSIT"
1200368810	"SECRYPT"
1202883196	"WISES"
1203219439	"AICCSA"
2622795077	"FIE"
2623819433	"ICECS"
2626428507	"NCC"
2735974978	"ISSCS"
2754856702	"SEM"
2755210077	"ECBI"
2755737745	"ICCTICT"
2756080828	"MSO"
2759338279	"CTAC"
2759366313	"FOMC"
2760079786	"IWOCA"
2898579424	"CSoNet"
1134505255	"PCS"
1150208541	"FOCS"
1151161434	"ICAC"
1186729694	"ICWE"
2621518893	"SAS"
2622776580	"WiCOM"
2623209370	"INTELEC"
2625281184	"FHPC"
2754063054	"UCMMT"
2754221565	"ISOT"
2754650055	"IPCCC"
2754792104	"ISKE"
2754937744	"ISCO"
2755066795	"ICAE"
2755822617	"AUVT"
2756242949	"ICC"
2758084286	"Hot-ICE"
2898267921	"ICMIP"
2898546347	"PACT"
1130777002	"NCM"
1137907615	"FoIKS"
1151115230	"ICEBE"
1195326385	"RFID-TA"
1196552754	"SocialCom"
1200343872	"IWDW"
2625464293	"DS-RT"
2626381505	"HASP"
2626861990	"TG"
2754059511	"AMSF"
2754693437	"SPMB"
2754868432	"BioRob"
2755303336	"ICCASM"
2755402923	"MMCTEE"
2755620771	"ISIP"
2756107657	"RCCS"
1120608147	"ICMLC"
1170827922	"NGITS"
2622617761	"VPPC"
2624560287	"ADCONS"
2625577850	"ROSS"
2626858106	"SAP"
2740279309	"EuroCOLT"
2754912007	"PEAC"
2758270434	"WICOW"
2758301114	"WEIS"
2898108926	"CITA"
2898143597	"IBE"
2898308040	"ISITES"
2898613818	"Resource Track - ICSC"
1140337204	"ICSAP"
1165458643	"AICI"
1166799234	"ROBOCOMM"
1193254108	"WebDB"
1195049314	"CSCW"
2623496199	"ISSE"
2754367777	"i-span"
2754571928	"CBSD"
2754613429	"ICPWC"
2756078328	"COMCAS"
2757139483	"ESSoS"
1136752358	"COMSWARE"
2626362478	"P2PIR"
2754266827	"WorldCIS"
2755600578	"CAE"
2755684885	"CiSt"
2755996488	"WCCASA"
2756711601	"DESRIST"
2760143691	"SPICE"
2898395390	"SLBEI"
1173373037	"AB"
2622168657	"ETT"
2623047080	"EPEC"
2623176867	"ARES"
2623443981	"DASC"
2624556545	"ISCIT"
2734512164	"ISEC"
2754015709	"SSS"
2754054984	"AEMC"
2754119650	"HCS"
2754470706	"EICC"
2755807670	"BlackSeaCom"
2756282786	"STA"
2756439795	"ICEP"
2757804427	"AFP"
2759152645	"MSEPT"
2898522303	"CICT"
1147236337	"PPoPP"
1166511975	"ASE"
1171805742	"AMCIS"
1187733938	"RSP"
1190910084	"STOC"
1194101996	"ICISO"
1201110412	"ICLP"
1202169824	"ISMAR"
2622929641	"ICHQP"
2623157288	"EuRAD"
2625105451	"SETA"
2626223542	"WOSS"
2626725751	"ESEC"
2753963244	"ICL-GNSS"
2754272913	"ICPIM"
2755241531	"FG"
2755769630	"ICOM"
2756259428	"MIAR"
2756314562	"WCMHIM"
2758893050	"IVCP"
2759977425	"VDA"
2760058464	"B-Interface"
2898276088	"ICACE"
1120209348	"RTA"
1171689754	"ACII"
2532200668	"SSTD"
2622186260	"NMDC"
2624678780	"ISPW"
2625625620	"FMSE"
2754123849	"ARRUE"
2754141040	"SPA"
2754432597	"STWC"
2754617321	"ITBDSC"
2755433157	"IWSSC"
2755529030	"FES"
2755722469	"EECS"
2755955960	"ETTIWGRS"
2756028615	"ICITEE"
2757313622	"PROCOMET"
2757936393	"ICTSS"
2759539496	"COMPOS"
2760367195	"PHOTOPTICS"
2898198011	"ICEIM"
2898604097	"WISP"
1136074208	"ICPS"
1165815086	"Edutainment"
1176450031	"SEW"
1187544676	"ECTA"
2624847785	"WiSe"
2754027044	"ICSEMR"
2754729718	"ACSAT"
2754932116	"ICCCI"
2755129848	"ICP"
2755190720	"EPTC"
2898361650	"AIIT"
2898487370	"ICECOCS (IEEE Record No. #)"
1129611459	"FMOODS"
1130300512	"ICETC"
1130464007	"ATVA"
1156693759	"IAAI"
1158989467	"SIES"
1170788073	"PRO-VE"
1194409624	"ASONAM"
1200052134	"CEC"
2539392191	"EWSN"
2624340062	"SPAWDA"
2624735027	"IWGS"
2625826859	"ICN"
2626915506	"WORM"
2754418919	"BBEC"
2754488090	"DCIS"
2754493320	"ICSE"
2754825730	"APEIE"
2754882675	"GWFP"
2755470196	"IVIC"
2755959382	"PCES"
2756224960	"OFS"
2756386172	"CAAP"
2758381842	"NTII"
2759116959	"PRESTO"
2898487456	"ICSI"
2898598163	"AVOCS"
1152803012	"Globe"
1187615537	"FASE"
1192015008	"CSC"
1192038392	"LION"
2626575568	"SSR"
2735351257	"LEOS"
2754382011	"CCIP"
2754920557	"LWCE"
2755140264	"EPE"
2755526722	"GCS"
2755784343	"DSC"
2756463267	"CITS"
2757870845	"RAIS"
2760219272	"SSFTS"
2898446297	"AIAP"
1121391727	"MICAI"
1155975711	"ARCS"
1170566876	"DFT"
1174485665	"ICYCS"
1179008804	"SEUS"
1190251015	"PRIS"
2754104691	"MTAPII"
2754151939	"RMEM"
2754163272	"SSLChina"
2754976051	"INOW"
2755065506	"GeMiC"
2755667637	"IYCE"
2755765245	"BDAS"
2756343188	"IQEC"
2756767132	"STM"
2758700152	"Middleware"
2898326161	"ICSPS"
2898548921	"BSE"
1142512000	"ATMOS"
1154297412	"CSO"
1175644874	"ICST"
2623351973	"EOS/ESD"
2754357321	"ICI"
2754403119	"ICCIT"
2754405398	"ICSEC"
2755558980	"SSPA"
2756266210	"PlatCon"
2756814561	"IWB"
2759468125	"SSV"
1139209228	"eHealth"
1142784253	"ADS"
1153195752	"MUE"
1154427100	"SIGMAP"
1162315616	"IPTC"
1162831978	"ECAI"
1203927539	"ECOWS"
1203999783	"IJCAI"
2626758250	"COSN"
2754901500	"IWPP"
2754996873	"WISAC"
2755016381	"CRD"
2755657816	"CEE"
2756199210	"ICMA"
2760652811	"FACS"
2898234435	"REKA"
2898282189	"NeSy"
2898503132	"ACMAE"
1159071770	"TACAS"
1160604004	"IMC"
1196619169	"NBiS"
2621598090	"SBES"
2622513583	"ICM"
2624421661	"SIEDS"
2627069240	"ICEC"
2754178716	"SIPN"
2754395219	"ICAST"
2755361854	"ICASI"
2755579004	"EURASIP"
2756567653	"HBU"
2760401529	"PLAS"
1126463254	"HOTI"
1148330047	"EKAW"
1148975191	"BCI"
1155015387	"WISM"
1179772154	"VISAPP"
1197584895	"ASWC"
1204520312	"SCOPES"
2535638237	"ASIACRYPT"
2621890925	"IV"
2622579721	"IUS"
2626204934	"EuroPLoP"
2735427216	"ISMS"
2753973249	"QR MSE"
2753974399	"SysTol"
2754383286	"POLICY"
2754451827	"ICCICT"
2755649789	"ISWCI"
2755922822	"GCCT"
2756368366	"IFSC"
2898254168	"ISECON"
1143279144	"IROS"
1146118425	"GeNeMe"
1150638746	"ICSOB"
1159975077	"ICONS"
1174359516	"WOCC"
1184898191	"ICUIMC"
2621633337	"SAMI"
2626580860	"ACMDEV"
2754238509	"ICEC"
2754327026	"TFTS"
2755540263	"CCS"
2755703685	"Cognition"
2757048162	"POLICY"
2758548447	"SMBM"
2758921414	"ETM"
2759698925	"IV"
2898261864	"CRAS"
2898298985	"ICCC"
1119923057	"PAKM"
1133530880	"WSCG"
1136215736	"SOUPS"
1161181142	"CGAMES"
1177109782	"OPTICS"
1181068974	"FSKD"
2621583742	"CPRE"
2624722114	"SPRINGL"
2624754666	"VRML"
2625102657	"WCCCE"
2626162568	"AH"
2754398399	"SIS"
2754809603	"IPSS"
2756271167	"ECMS"
2756896743	"CAI"
2757378734	"UPGRADE-CN"
2898205804	"ER(ZR)"
